지점,지점명,일시,평균기온(°C),최저기온(°C),최저기온 나타난날(yyyymmdd),최고기온(°C),최고기온 나타난날(yyyymmdd),평균최저기온(°C),평균최고기온(°C),평균 해면기압(hPa),합계 강수량(mm),일 최다 강수량(mm),일 최다 강수량 나타난날(yyyymmdd),평균 상대습도(%),합계 일조시간(hr),일조율(%),합계 일사량(MJ/m2),평균 풍속(m/s),최다 풍향(16방위),합계 소형 증발량(mm),합계 대형 증발량(mm)
140,군산,1968,12.4,-11.5,19680202,32.6,19680701,9.2,16.4,1016.5,786.8,85.3,19681007,78.8,2373.2,53.4,,4,290,1344.8,
140,군산,1969,11.8,-11.9,19690206,32.8,19690821,8.5,15.8,1016.8,1505.4,74.4,19690806,74.4,2091,47.18,,4.4,70,1103.6,
140,군산,1970,12.1,-13.7,19700105,33.2,19700721,8.8,16,1017.3,1251.4,82.6,19700902,77.1,2283.9,51.53,,4.2,70,1138.2,
140,군산,1971,12.2,-14.5,19710106,33.4,19710809,9,16.1,1017,1224,127.3,19710924,75.1,2253.3,50.84,,4,290,1116.5,
140,군산,1972,12.4,-6.3,19720301,34.4,19720720,9.1,16.4,1016.1,1319,91.4,19720703,76.8,2021.2,45.48,,4.5,70,1135,
140,군산,1973,12.7,-13.6,19731224,35.2,19730717,9.2,16.5,1017,917.4,115.6,19730802,72.2,2402.4,54.19,,4.3,290,1223.9,742.4
140,군산,1974,11.7,-12.4,19740124,33.6,19740814,8.2,15.7,1016.5,1619.4,172.8,19740830,75.5,2258.1,50.95,,4.1,290,1101.5,621.3
140,군산,1975,13,-9.2,19751224,34.7,19750818,9.7,16.8,1016.3,1457.1,108.7,19750920,76.4,2418.4,54.56,,4,70,1138.9,626.6
140,군산,1976,12.1,-12,19760120,34.2,19760821,8.7,16.3,1016.4,867,57.6,19760823,75.9,2332.6,52.49,,4.3,70,1147.6,647.4
140,군산,1977,12.7,-12.4,19770217,34.8,19770729,9.2,17.4,1017,710.2,75.9,19770712,75.8,2301.3,51.92,17.15,4,50,1219.7,682.8
140,군산,1978,13.1,-10.7,19780201,35,19780728,9.6,17.8,1016.6,1033.3,121.5,19780718,76.2,2350.1,53.02,,4.1,290,1255.6,678.3
140,군산,1979,13,-9,19790202,33.6,19790815,9.4,17.4,1016.2,1421.3,261.1,19790805,76.9,2184.2,49.28,,4.1,270,1090.2,560.1
140,군산,1980,11.5,-13,19800118,30.5,19800720,8,15.7,1016.6,1298.8,136.3,19800625,78.4,1993.4,44.86,,4.3,270,1060.2,540.5
140,군산,1981,11.8,-12.7,19810226,34.8,19810726,8.1,16.2,1016.5,1203.1,106.9,19810712,77.4,2065.6,46.6,0,4,270,1064.3,597.2
140,군산,1982,13,-10.4,19820129,33.7,19820810,9,17.4,1016.4,783.3,56.2,19820820,73.9,2117.3,47.76,,4,90,1171.5,652
140,군산,1983,12.8,-9.9,19830213,34.3,19830805,9.3,17.3,1016.3,1136.6,108,19830620,76.3,1955.1,43.95,,3.9,270,1087.1,599.9
140,군산,1984,12.3,-11.5,19840203,34.5,19840809,8.6,16.8,1016.6,1126.1,107.2,19840902,75.1,2132.9,47.84,,3.8,90,1118.1,664
140,군산,1985,12.5,-13,19850114,35.1,19850728,8.8,17,1016.5,1462.6,98.7,19850707,77.3,2087.5,46.94,,3.9,90,1107.3,641.3
140,군산,1986,11.9,-12.7,19860106,33.8,19860801,8.4,16.5,1016.6,1205.9,117.6,19860828,76.5,2246.5,50.5,,3.9,90,1072.6,549.6
140,군산,1987,12.3,-10,19870114,33.2,19870728,8.8,16.7,1016.8,1769.1,231,19870722,74.8,2121.5,47.69,,4.1,290,1096.2,538.5
140,군산,1988,12.5,-9.2,19880203,34.4,19880807,8.8,16.9,1016.4,729.1,75.3,19880714,73.5,2366.3,53.08,,4.3,290,1336.2,643.3
140,군산,1989,13.1,-7.5,19890128,34.1,19890805,9.7,17.2,1017,1279.9,109,19890608,79.3,2061.9,46.36,,3.9,290,1274.6,588.9
140,군산,1990,13.5,-13.9,19900125,34,19900802,10.2,17.5,1016.5,1263.5,65.8,19900711,80.3,1915.3,43.06,,4,70,1239.6,585.4
140,군산,1991,12.6,-11.1,19910224,34.4,19910820,9.3,17,1015.9,1108.4,72.7,19910904,79.7,1994.1,44.82,,3.9,70,,
140,군산,1992,12.9,-7,19921225,32.8,19920730,9.3,17.2,1016,1081,97.5,19920812,77.8,2053.8,46.07,,3.8,70,,
140,군산,1993,12.2,-9.1,19930119,30.5,19930728,8.7,16.5,1016.4,1327.5,115.3,19930712,77.3,1971.5,44.32,,4,70,,
140,군산,1994,13.6,-10.3,19940124,36.9,19940724,9.9,18.2,1016.8,911.1,84.9,19940810,73.9,2339.3,52.59,,3.7,290,,
140,군산,1995,12.7,-9.3,19950130,34.4,19950819,8.8,17.2,1016.8,1001,189.6,19950830,71.3,2337.7,52.55,,3.5,290,,
140,군산,1996,12.4,-10.9,19960202,35.1,19960731,8.8,16.6,1016.8,976,80.2,19960617,72.2,2058.5,46.18,,3.4,70,,
140,군산,1997,13,-11.1,19970122,34.3,19970726,9.1,17.2,1016.5,1143,105.8,19970706,72.1,2320.1,52.16,,3.5,250,,
140,군산,1998,13.8,-10,19980119,33.5,19980807,10.4,17.9,1016.4,1682.2,147,19980815,75.3,1852.4,41.64,,3.3,70,,
140,군산,1999,13.2,-9.2,19990203,33.8,19990810,9.8,17.4,1016.2,1286.8,116.5,19990623,74.3,2108.8,47.4,,3.3,70,,
140,군산,2000,12.7,-8.9,20000121,33.1,20000810,9.4,16.9,1016.4,1697,310,20000826,70.8,2232,50.1,,4,90,,
140,군산,2001,13.3,-13.4,20010115,33.8,20010802,10,17.5,1016.5,771.2,58.5,20010712,68.8,2292.4,51.54,,3.5,90,,
140,군산,2002,13.1,-7.6,20020103,35.3,20020727,9.8,17.4,1016.1,1193.2,105.5,20020807,72.8,2063.6,46.39,,3.9,290,,
140,군산,2003,12.6,-12.8,20030106,32,20030802,9.3,17,1016.6,1509.2,69.5,20030429,76.2,1874.9,42.12,,3.5,90,,
140,군산,2004,13.1,-14.7,20040122,35.1,20040811,8.9,18.2,1017,1431.7,117,20040619,71.2,2285.9,51.24,,2.4,320,,
140,군산,2005,12.5,-14.5,20051218,35.7,20050805,8.4,17.3,1016.8,1508.5,144.5,20050702,72.3,2218.9,49.85,,2.6,320,,
140,군산,2006,13.4,-12,20060204,35.7,20060804,9.3,18.4,1016.7,1173.8,124.5,20060726,72.2,2127.2,47.79,,2.5,320,,
140,군산,2007,13.3,-7.3,20070114,32.9,20070825,9.5,17.9,1016.4,1655.5,117.5,20070901,78.3,2046.6,45.98,,2.3,340,,
140,군산,2008,13.3,-11,20081206,34.5,20080810,9.3,18.3,1016.8,901,85.5,20080816,75.8,2252.8,50.5,,2.2,340,,
140,군산,2009,13,-11.4,20090115,32.5,20090809,8.8,17.9,1016.4,1022.7,105.5,20090620,77,2325.4,52.24,,2.3,340,,
140,군산,2010,12.9,-12.7,20100114,34.7,20100809,9,17.6,1017,1347.5,186.5,20100723,77.7,2103.4,47.25,,2.4,340,,
140,군산,2011,12.2,-13.6,20110116,34,20110805,8.3,16.7,1017.3,1634.2,308.5,20110710,74.8,2103.3,47.25,,2.3,340,,
140,군산,2012,12.3,-11.5,20121226,36.1,20120805,8.3,16.8,1016.3,1659.5,251.8,20120813,75.7,2277.2,51.05,,2.4,290,,
140,군산,2013,12.6,-13.5,20130103,34.9,20130807,8.4,17.5,1016.4,1092.4,93.7,20130527,80.7,2398.9,53.89,,2.4,270,,
140,군산,2014,13,-8.8,20140113,35.3,20140731,8.9,18.1,1016.7,1141,117.3,20140825,81.6,2305.6,51.79,,2.1,250,,
140,군산,2015,13.4,-9.1,20150103,34.7,20150807,9.4,18.1,1016.7,895.8,44,20150902,81.8,2307.2,51.83,,2.1,270,,
140,군산,2016,13.8,-13.8,20160124,34.9,20160820,9.8,18.6,1016.7,1144.4,138.8,20160704,81.7,2351.7,52.72,,2.1,290,,
140,군산,2017,13.1,-10,20171214,36.2,20170805,8.8,18.2,1017,774.4,62.1,20170708,76.3,2550.1,57.29,,2.2,270,,
140,군산,2018,13.2,-15,20180127,37.1,20180802,9,18.1,1017,1637.1,210.8,20180701,75.3,2566.9,57.66,,2,360,,
140,군산,2019,13.5,-8.1,20190116,34.9,20190810,9.3,18.4,1016.7,1008.1,83,20191117,75.2,2478,55.66,,,320,,
140,군산,2020,13.4,-10.6,20201231,34.7,20200825,9.4,18.2,1016.9,1664.8,153.8,20200808,75.2,2325.3,52.13,,2.1,320,,
140,군산,2021,13.9,-16.8,20210108,34.4,20210721,9.8,18.9,1017.2,1151.7,67.7,20210708,75.5,2390.1,53.69,,2,290,,
146,전주,1918,,,,35.1,19180807,,,,220.7,62.9,19180701,,,,,,,,
146,전주,1919,12.1,-14.2,19190205,35.3,19190813,7.4,17.9,,1013.8,77.1,19190727,75.3,2549.1,,,1.9,140,1477.5,
146,전주,1920,12.5,-14.6,19200211,34.1,19200630,7.8,18,,1652.1,198.7,19200720,77,2586.5,,,1.6,140,1266.9,
146,전주,1921,11.9,-9.6,19210109,34.9,19210814,7.4,17.3,,1420.6,98.7,19210830,75.7,2374.9,,,1.6,320,1197.5,
146,전주,1922,12.3,-13.3,19220131,35.2,19220614,7.8,17.9,,1199.1,86.5,19220706,74.8,2586.2,,,1.6,160,1311.8,
146,전주,1923,11.7,-15.3,19230117,35.3,19230810,7.4,17.1,1016.5,1261.2,85.7,19230629,75.8,2539.8,,,1.6,160,1184.1,
146,전주,1924,11.8,-13.7,19241212,37.3,19240814,6.9,17.7,1016.9,950.2,138.4,19240722,74.5,2695.6,,,1.7,140,1315.5,
146,전주,1925,11.7,-13.2,19251231,33.4,19250724,7.1,17.2,1016.9,1426.6,154.1,19250807,75.3,2333,,,1.6,140,1181.4,
146,전주,1926,11.6,-12.9,19260106,33.8,19260811,7.2,17,,1340.5,99,19260824,75.6,2318.2,,,1.7,270,1213.3,
146,전주,1927,11.9,-15.1,19270121,35.8,19270628,7.3,17.8,1016.4,1071.9,75.3,19270701,75.6,2469.1,,,1.5,270,1349.1,
146,전주,1928,11.9,-14.8,19280106,34.9,19280826,7.1,17.7,,1013.6,54.4,19280829,75.7,2413.5,,,1.5,320,1301.9,
146,전주,1929,12,-14.5,19290213,37,19290814,7.2,17.9,1017,929,65.6,19290628,74.9,2599.6,,,1.5,270,1463.7,
146,전주,1930,12.4,-12.1,19300120,38.6,19300711,8,17.8,1017,1768.8,127.4,19300711,77.3,2193.1,,,1.4,140,1201.7,
146,전주,1931,11.7,-15.7,19310111,34.6,19310809,7.1,17.3,1016.9,1287.6,80.6,19310803,76.3,2289.9,,,1.5,270,1242.6,
146,전주,1932,12.2,-11.4,19321213,37.1,19320726,7.6,18,1016.8,872.1,112.5,19320804,74.9,2412,,,1.5,270,1304.4,
146,전주,1933,11.8,-17.1,19330127,36.4,19330720,7.2,17.5,1017,1296.1,87.4,19330627,76.1,2402.2,,,1.5,270,1202.8,
146,전주,1934,11.5,-15.5,19340127,35.1,19340807,7,17.4,1017.1,1712.4,107.8,19340723,76,2196.9,,,1.6,290,1088.8,
146,전주,1935,12.5,-12.1,19350207,35.1,19350729,7.5,18.7,1016.3,733.7,51.4,19350813,73.9,2449.9,,,1.6,270,1269.5,
146,전주,1936,11.3,-16.5,19360117,34.5,19360722,6.6,17.3,1016.7,1654,204.6,19360815,75.9,2209.9,,,1.5,270,1018.8,
146,전주,1937,12.7,-11.9,19371227,35.3,19370815,8.1,18.5,1016.7,1244.3,74.1,19370906,76.5,2328.6,,,1.4,270,1105.9,
146,전주,1938,12.1,-15,19380127,35.7,19380815,7.5,17.9,1016.3,819,66.7,19381029,76.9,2413.1,,,1.4,270,1248.9,
146,전주,1939,12.7,-15.8,19390106,38.2,19390721,7.6,19,1016.9,673.4,51.2,19390810,73.8,2667.3,,,1.4,270,1354.2,
146,전주,1940,12,-15.2,19400124,34.5,19400731,7,18,,1045.1,82,19400717,,,,,,,,
146,전주,1941,12.2,-13.1,19410125,34.3,19410807,7.4,18,1016.4,1442.2,194.5,19410706,75.6,2394.5,,,1.4,270,1171,
146,전주,1942,12.2,-13.8,19420213,38,19420723,7.4,17.9,1016.8,1503.2,336.1,19420809,73.8,2544.6,,,1.4,270,1295.7,
146,전주,1943,12.3,-15.9,19430112,36.6,19430820,7.5,18.2,1017.1,879.5,70.6,19430713,73.9,2535.7,,,1.4,270,1234.7,
146,전주,1944,12.1,-13.7,19441220,35.6,19440801,7.3,18,1017,1136.7,104.6,19440823,73.1,2558.9,,,1.3,270,1224.5,
146,전주,1945,11.6,-16.1,19450128,34.2,19450818,6.9,17.4,1016.7,1314.9,144.2,19450913,73.7,2414,,,1.3,270,1136.9,
146,전주,1946,12.7,-12.9,19460101,36.8,19460724,8.1,18.3,1016.5,1365,205.8,19460625,73.8,2364,,,1.4,270,1099,
146,전주,1947,11.3,-15.6,19470203,34.1,19470830,6.8,16.9,1017.5,1220.4,81.9,19470731,74.3,2299.7,,,1.6,270,1051,
146,전주,1948,13.1,-12.2,19480127,33.9,19480810,8.4,18.7,1017.1,2074.4,222.8,19480728,77.3,2419.6,,,1.5,270,1169,
146,전주,1949,12.6,-10.2,19490119,36.2,19490815,8.2,18.1,1016.5,912,65.5,19490728,74.3,2283,,,1.5,270,1179,
146,전주,1950,13.1,-13.7,19500107,36.4,19500725,8.3,18.7,1016,1097.2,93.8,19500701,73.5,2312.9,,,1.4,270,1275.8,
146,전주,1951,12.6,-13.5,19510117,36.6,19510819,8.3,18.1,1016,935.2,143.1,19510526,74.7,2463.8,,,1.6,270,1262,
146,전주,1952,12.4,-11.5,19520205,35.6,19520723,8.1,17.7,1017.2,1145.9,72,19520901,74.7,2258.1,,,1.5,270,1291,
146,전주,1953,12.6,-12,19530216,35.3,19530819,8.2,17.8,1017.5,1397,118.5,19530703,73.5,2232.8,,,1.6,270,1205.1,
146,전주,1954,12.7,-9.1,19540126,34.8,19540813,8.3,18.1,1016.4,1325.7,94.5,19540704,74.9,2179.9,,,1.4,160,1116.8,
146,전주,1955,12.8,-15.7,19550116,34.1,19550613,8.2,18.5,1016.3,1144.2,128,19550802,77.3,2359.5,,,1.4,320,1203,
146,전주,1956,11.7,-13.1,19560108,35.8,19560731,7.1,17.1,1016.2,1444.9,63.5,19560720,76.2,2207.1,,,1.4,270,1147.8,
146,전주,1957,11.8,-12.7,19570211,34.6,19570818,7.2,17.5,1015.9,1299.1,64.6,19570714,76.9,2222.5,,,1.2,270,1120.1,
146,전주,1958,12.7,-15.3,19580117,35,19580625,8.1,18.3,1016.9,1743.6,202.2,19580904,76.5,2340.1,,,1.3,320,1242.6,
146,전주,1959,13.3,-15.4,19590117,37.2,19590803,8.8,18.7,1016.3,1350,146.9,19590826,78.6,2249.6,,,1.2,270,1252.3,
146,전주,1960,13.3,-13.6,19600124,35.3,19600807,8.7,18.9,1016.6,1152.8,102.1,19600626,76.5,2282.5,,,1,320,1221.4,
146,전주,1961,13.7,-16.6,19610201,35.6,19610724,9.2,18.9,1016.6,1773.5,170.8,19610808,77.6,2110.2,47.61,,1,320,1113.5,
146,전주,1962,12.8,-9.2,19620201,35.1,19620531,8.2,18.3,1016.2,1141.5,89.6,19620712,75.5,2112.4,47.66,,1.2,270,1197,
146,전주,1963,12.4,-15.2,19630124,33.5,19630808,8.2,17.5,1015.9,1531.7,137.3,19630619,79.1,1916.1,43.23,,1.6,270,1102.1,
146,전주,1964,13.7,-9.9,19640213,36.3,19640819,9.4,18.6,1017.1,1594.1,116.9,19640901,77.6,2168.6,48.8,,1.2,270,1201.6,
146,전주,1965,12.7,-12.4,19650203,34.4,19650802,8.1,18.1,1016.2,1093.1,89.8,19650722,71,2312.8,58.63,,1.3,270,1190.3,
146,전주,1966,13.1,-13.5,19660120,35.8,19660808,8.8,18.4,1015.5,1289.2,101.9,19660723,73.5,2210.5,59.08,,1.3,270,1182.4,
146,전주,1967,12.9,-13.5,19670116,35.2,19670813,8.7,18.3,1016.5,952.2,103.2,19670625,68.3,2141.3,48.55,,1,320,1149.5,
146,전주,1968,12.9,-10.8,19680115,34.4,19680713,8.6,18.3,1015.9,916.9,60.3,19680715,70.8,2015.1,45.35,,1,320,1072.5,
146,전주,1969,12.4,-13.2,19690206,34.4,19690821,8.1,17.5,1016.3,1739.9,97,19690716,74.8,2025.1,45.69,,1.3,320,978.5,
146,전주,1970,12.6,-14.6,19700105,35,19700722,7.6,18,1016.7,1285.1,61,19700909,76.8,1917.2,43.26,,1.2,320,938.9,
146,전주,1971,12.7,-15.3,19710106,35.4,19710731,7.6,18.3,1016.2,1300.9,96.1,19710924,75.4,2101.4,47.41,,.9,320,974.8,
146,전주,1972,13,-10,19720103,35.9,19720720,8.5,18.2,1015.2,1360.6,68.5,19720710,77.6,1870.2,42.09,,1.1,320,942.9,
146,전주,1973,13.1,-14.2,19731224,37.2,19730717,8.5,18.6,1016.4,983.7,73.4,19730802,73.7,2263.3,51.06,,1.2,270,1096.7,621.2
146,전주,1974,12.2,-13.3,19740124,35.6,19740819,7.6,17.6,1016.4,1310.5,87.8,19741001,72.4,2082.6,46.99,,1.3,140,987.3,617.3
146,전주,1975,13.2,-11.2,19751224,35.2,19750819,9.1,18.7,1016,1418,95.7,19750920,75.5,2153.8,48.6,,1.2,140,961.3,595.7
146,전주,1976,12.5,-13.8,19761227,35,19760821,7.9,18.1,1016.6,1057.3,178.3,19760806,73.7,2048.2,46.09,,1.2,140,981,537
146,전주,1977,13.1,-14,19770216,36.2,19770729,8.5,19.2,1017.2,823.8,54.9,19770808,72.9,2050.4,46.26,,1.1,140,1034.7,613.7
146,전주,1978,13.4,-12.2,19780203,36.4,19780708,8.7,19.3,1016.7,1243,112.1,19780819,74.2,2305.9,52.02,,1.1,140,1090.5,616.3
146,전주,1979,13.2,-9.8,19790202,34.1,19790731,8.6,18.5,1016.4,1421.9,232.1,19790805,70.7,2206.8,49.79,,1,320,1014.5,591.1
146,전주,1980,11.9,-13.2,19800207,31.9,19800624,7.5,17,1016.8,1426.1,110,19800729,73.2,2040.1,45.91,,1.2,320,907.5,448.7
146,전주,1981,12,-13.3,19810127,35.7,19810725,7.4,17.6,1016.8,1341.9,114.1,19810829,71.1,2042.6,46.08,2877.76,1.2,320,980.9,547.9
146,전주,1982,13.1,-12.3,19820129,34,19820808,8.3,18.9,1016.8,934.2,51.3,19820506,70.6,2233.8,50.4,5007.19,1.3,320,1110.5,595.1
146,전주,1983,13,-11.6,19831230,35.7,19830805,8.5,18.5,1017,1194.2,127.8,19830620,74.1,2228.9,50.11,4840.09,1.3,140,1068.8,572.9
146,전주,1984,12.6,-13.8,19840207,36,19840810,7.8,18.1,1017.4,1497.1,167.3,19840902,72.7,2251,50.49,4797.72,1.5,160,1119,656.7
146,전주,1985,12.8,-14.9,19850130,35.1,19850728,8.3,18,1016.8,1732,106.9,19850707,72.9,1961.5,44.1,4538.41,1.5,160,1060,602.5
146,전주,1986,12.1,-13.3,19860106,35.5,19860801,7.7,17.6,1016.8,1305.9,114.6,19860624,72.7,2153.1,48.41,4537.3,1.4,140,1023.5,561.6
146,전주,1987,12.9,-10.4,19870114,32.9,19870727,8.3,18.4,1017.1,1681.8,104.3,19870828,70.1,2087.9,46.94,4220.82,1.5,160,1053.3,557.5
146,전주,1988,12.8,-10.9,19880124,37.8,19880707,7.9,18.8,1016.6,707.1,111.7,19880714,68.8,2147.5,48.16,4911.43,1.5,160,1194.2,654
146,전주,1989,13.4,-10.2,19890129,34.9,19890731,8.8,19,1016.5,1473.2,82.6,19890726,70.3,1924,43.25,4624.44,1.4,160,1105.6,603.2
146,전주,1990,13.9,-16,19900126,36.2,19900806,9.5,19.3,1016.6,1353.5,109.8,19900718,72,1749.4,39.33,4343.18,1.3,160,1008.6,533.9
146,전주,1991,13,-15.5,19910223,34.9,19910820,8.3,18.5,1016.4,1316.6,69,19910417,69.2,2009.4,45.18,4251.82,1.3,160,,
146,전주,1992,13.2,-8.8,19921225,34.6,19920726,8.5,18.7,1016.7,1109.1,171.6,19920717,70.8,2097.9,47.06,4292.65,1.3,160,,
146,전주,1993,12.5,-12.3,19930121,32.5,19930809,7.9,18,1016.8,1550.6,142.5,19930712,69.9,2011.2,45.21,4198.81,1.3,180,,
146,전주,1994,13.9,-13.3,19940124,38.2,19940723,9,19.7,1015.9,820.5,57.3,19940802,68.1,2336.1,52.52,4632.47,1.4,180,,
146,전주,1995,12.8,-10.8,19950130,35,19950814,8,18.6,1016,891.1,56.7,19950824,72,2350.2,52.84,4196.36,1.3,180,,
146,전주,1996,12.7,-11.2,19960202,36.3,19960812,7.9,18.4,1016.1,1216.8,139.9,19960617,74.5,2177.3,48.84,3896.48,1.2,160,,
146,전주,1997,13.5,-13.8,19970122,35.3,19970723,8.6,19.2,1015.9,1550.8,138.2,19970804,73.6,2161.8,48.59,4268.51,1.1,270,1097.5,585
146,전주,1998,14.6,-12.2,19980125,34.6,19980807,10.3,19.6,1015.6,1573,179.2,19980930,72.2,1881,42.29,3846.97,1.8,180,,
146,전주,1999,13.8,-10.8,19990204,34.8,19990810,9.3,19.2,1015.6,1365.5,118.5,19990923,70.6,2196.6,49.39,4066.03,1.8,180,,
146,전주,2000,13.6,-11,20000121,34.9,20000729,8.9,19.2,1016.5,1636.7,161,20000610,66.8,2039,45.73,4550.59,1.6,180,152.2,65.7
146,전주,2001,13.9,-12.5,20010116,36,20010802,9.2,19.5,1016.7,1019.4,97.5,20010624,65.8,2125.1,47.77,5011.09,1.7,160,1064.7,660.5
146,전주,2002,13.7,-9.7,20020103,36.2,20020727,8.9,19.2,1016.3,1130.1,97.5,20020416,66.8,1888.3,42.42,4815.82,2,160,940.4,546.4
146,전주,2003,13.4,-15.1,20030106,33.7,20030802,9,18.5,1016.8,1860.3,97,20030725,68.8,1731.3,38.9,4452.04,1.8,160,895.9,522.1
146,전주,2004,14.2,-13.1,20040122,36.5,20040731,9.1,20,1016.8,1457.9,171.5,20040818,63.3,2110.5,47.31,4905.77,2,160,1052.8,607.9
146,전주,2005,13.3,-15,20051218,35.8,20050805,8.6,18.7,1016.7,1390,249.5,20050803,64.2,2021.8,45.42,4906.84,2.1,160,989.1,582.6
146,전주,2006,14.1,-13.1,20060204,36.4,20060804,9.3,19.7,1016.5,1187.5,117.5,20060726,68.9,1920.3,43.14,4656.18,2,160,1018.4,617.5
146,전주,2007,14,-7.2,20070114,34.8,20070825,9.5,19.3,1016.2,1471.7,107.5,20070901,69.9,1895,42.58,4667.61,1.9,160,939.1,548.1
146,전주,2008,13.9,-10.8,20081206,35.3,20080810,9,19.4,1016.4,1000,85,20080618,65.2,1993.2,44.67,5040.5,1.8,160,1046.6,622.5
146,전주,2009,13.6,-12.9,20090115,34.4,20090619,8.7,19.5,1016.6,1163.9,99,20090715,63.9,2037.4,45.78,5044.86,1.9,160,1091.2,630
146,전주,2010,13.5,-10.9,20100114,35.7,20100819,8.9,18.9,1017.3,1462.3,128.5,20100813,66.1,1872.1,42.06,4801.76,2,160,1011.2,598.1
146,전주,2011,13.1,-13.4,20110116,36.2,20110805,8.4,18.7,1017.3,1621.8,195,20110809,66.6,1954.6,43.91,4975.84,1.9,160,1040.1,573.8
146,전주,2012,13.2,-12.7,20121226,38.3,20120806,8.5,18.7,1016.1,1359.7,86,20120830,65.2,2010.5,45.06,4879.76,1.9,140,1102.3,666.5
146,전주,2013,13.8,-15.3,20130104,37.8,20130821,9,19.6,1016.3,1264.7,92,20130705,67.3,2315,52.01,4602.63,1.8,160,1066.2,604.1
146,전주,2014,13.9,-9.7,20140114,36,20140731,9,19.8,1016.6,1206.3,81.5,20140818,67.8,2210.1,49.65,4698.98,1.4,160,1188.3,676.2
146,전주,2015,14.2,-10.1,20150209,35.3,20150807,9.7,19.6,1016.5,813.5,43.5,20151001,69.7,2192.8,49.27,5199.76,1.6,140,1189,581.5
146,전주,2016,14.3,-13,20160124,36.2,20160820,10.2,19.4,1016.5,1117.7,95.2,20160917,72.4,2170.1,48.64,5318.68,1.8,140,1322.2,748.9
146,전주,2017,13.6,-9.7,20170115,35.1,20170805,9.2,19,1016.9,947.8,79.1,20170824,70,2428,54.55,5630.16,1.7,140,1384,968.5
146,전주,2018,13.9,-15,20180127,38.9,20180813,9.5,19.3,1016.9,1332.5,107.4,20180701,74.1,2461.6,55.3,5679.3,1.7,140,1363.8,954.6
146,전주,2019,14.2,-7.5,20191206,35.1,20190814,9.7,19.5,1016.5,968.9,70,20190922,74.1,2319.3,52.11,5529.66,1.6,140,1320.5,923.9
146,전주,2020,14,-10,20201231,35.1,20200609,9.7,19.2,1016.7,1780.8,192.8,20200808,68.7,2239.2,50.19,5193.35,1.6,140,1312.2,918.4
146,전주,2021,14.6,-16.5,20210108,36.3,20210723,10.1,19.9,1016.4,1496.6,88.7,20210705,68.4,2268.6,51.08,5098.65,1.6,140,1322.4,926
172,고창,2010,,-9.9,20101216,19.2,20101201,,,,53.8,10.8,20101231,,135,44.28,199.16,,340,,
172,고창,2011,13,-13.9,20110102,36.7,20110805,8.4,18.4,1017.2,1411.3,235.5,20110809,75.5,1984.7,44.59,4881.98,2.8,320,,
172,고창,2012,13,-13.3,20120126,37,20120805,8.5,18.1,1016.4,1404.1,145.6,20120830,79.1,2023.3,45.37,5151.04,2.8,50,,
172,고창,2013,13,-12.4,20130111,34.8,20130808,8.3,18.3,1016.8,1226.8,166.2,20130705,80.3,2154.6,48.65,5210.59,2.7,340,,
172,고창,2014,12.9,-12.2,20141219,34.5,20140731,8.3,18.2,1017.1,1290.9,189.5,20140818,79.3,2054.8,46.17,5140.17,2.5,320,,
172,고창,2015,13.4,-13,20150103,35.6,20150807,8.8,18.7,1017,956.1,66.4,20151001,80.6,2025.7,46.14,5144.28,2.5,340,,
172,고창,2016,14,-12.4,20160124,35.7,20160811,9.7,19.1,1016.9,1090.9,113.3,20160917,82,2063.5,46.27,5224.45,2.7,320,622.7,436.2
172,고창,2017,13.1,-9.4,20170126,35.3,20170805,8.1,18.7,1017.3,901.9,81.2,20170715,81.2,2414.3,54.25,4167.35,2.5,320,1067.3,747.5
172,고창,2018,13.3,-15.8,20181229,37.8,20180802,8.5,18.8,1017.2,1316.9,100,20180823,79.6,2394.3,53.8,4137.98,2.7,50,1106.4,775.1
172,고창,2019,13.4,-8.3,20190127,35.1,20190803,8.6,18.9,1016.9,1099.5,81.9,20190822,76.1,2318.1,52.09,4542.16,2.4,320,1178.4,824.6
172,고창,2020,13.3,-10.5,20201231,34,20200825,8.9,18.6,1017.2,1554.7,179.3,20200808,76.9,2130.2,47.88,4007.55,2.8,320,1093,764.9
172,고창,2021,14,-17,20210108,35,20210721,9.2,19.6,1016.6,1255.8,74.6,20210706,72.8,2148,48.52,5480.99,2.7,140,1503.9,1052
243,부안,1972,,-8.6,19720301,31.5,19720610,,,,66.9,29,19721115,,,,,,360,,
243,부안,1973,12.3,-14.1,19731224,35.5,19730717,7.7,17.5,,1005.6,63.5,19730919,77.6,2168.5,64.68,5782.2,1.9,320,1264.6,672.1
243,부안,1974,11.3,-16.3,19740226,34.4,19740819,6.8,16.5,,1518.5,170,19740830,77.2,2006,62.83,,1.9,320,1194.5,602.3
243,부안,1975,12.8,-15.8,19751224,34.7,19750730,8.1,17.6,,1479,115.5,19750920,79.9,2844,62.99,,1.8,320,1338.7,589.3
243,부안,1976,11.6,-20.2,19761229,34.3,19760821,6.7,17.2,,1062.1,157.5,19760806,78.5,2803,63.08,7439.08,1.9,320,1178.7,588.5
243,부안,1977,12.3,-17.1,19770217,35,19770729,7.2,18,,777.6,77.5,19770804,76.8,2771.3,62.53,7826.01,1.8,320,1292,612.7
243,부안,1978,12.8,-18.7,19780202,36.1,19780728,7.7,18.5,,1205.6,121.5,19780820,74,2697.7,60.87,6729.35,1.8,320,1331.9,702
243,부안,1979,12.6,-10.5,19790203,34.4,19790815,7.6,18.1,,1455.4,181.5,19790805,72.2,2568.9,57.96,6424.08,1.9,360,1284.9,630
243,부안,1980,11.3,-18.2,19800209,31.2,19800720,6.3,16.5,,1478.1,124,19800625,75.6,2412.9,54.24,6668.26,2,320,1141.9,558.3
243,부안,1981,11.5,-22.6,19810127,34.3,19810726,6,16.9,,1297.1,87,19810726,75.7,2384.5,53.8,3593.81,1.8,320,1027.8,597.7
243,부안,1982,12.5,-16.6,19820117,33.2,19820808,7.9,17.8,,859,57.4,19821129,75.2,2687.6,60.64,,1.6,320,1204,595.4
243,부안,1983,12.5,-17.2,19830213,35.3,19830802,8.1,17.5,,1471.9,149,19830818,74.9,2791,62.76,,1.5,320,1124.5,
243,부안,1984,12,-18.5,19841225,35.3,19840730,7.2,17.5,1018.1,1430.8,145.5,19840902,86,2970.7,66.64,,1.6,20,1293.7,
243,부안,1985,12.3,-16.6,19850114,34.8,19850822,7.8,17.2,1018,1671.4,122,19850707,86,2741.2,61.62,,1.8,340,1163,
243,부안,1986,11.6,-18.2,19860112,33.8,19860730,7,16.7,1018.1,1273.1,92,19860624,83.5,2821.2,63.42,,1.7,320,1230.5,
243,부안,1987,12,-12.4,19870113,32.5,19870814,7.5,17.3,1018.2,1464.6,127.5,19870726,82.7,2737.2,61.54,,1.7,290,1239,
243,부안,1988,12.3,-10.4,19880208,34.9,19880707,7.6,17.6,1016,705.6,125.4,19880714,77.1,3010.3,67.53,,1.6,290,1331,
243,부안,1989,13,-10.2,19890128,34.2,19890804,8.6,18.1,1016.2,1222.4,85,19890608,78.6,2764,62.13,,1.5,270,1178.6,
243,부안,1990,13.3,-15.4,19900126,34.6,19900806,9.1,18.5,1016.3,1111.5,101.2,19900711,78.8,2679.6,60.24,,1.6,270,1177.3,
243,부안,1991,12.3,-16.5,19910224,33.7,19910728,7.9,17.5,1015.9,1077.6,87.5,19910609,76.7,2768,62.23,,1.5,290,,
243,부안,1992,12.5,-8.3,19921225,33.5,19920729,8,17.8,1016.5,1039.1,167,19920717,75.8,2742.6,61.53,,1.6,290,,
243,부안,1993,11.9,-15.1,19930121,32,19930809,7,17.2,1017.1,1341.8,108,19930712,80.4,2080,46.76,,1.6,320,,
243,부안,1994,13.2,-14.7,19940124,36.6,19940813,8,18.9,1017,832.5,83.5,19940810,77.2,2441.1,54.88,,1.7,320,,
243,부안,1995,12.2,-10.3,19951226,35.4,19950813,7.3,17.9,1017.3,838.5,106,19950824,75.8,2431.4,54.67,,1.6,320,,
243,부안,1996,12.3,-11.7,19960202,35.4,19960731,7.4,17.9,1017.5,1030.3,101.5,19960721,74.8,2341.3,52.52,,1.5,320,,
243,부안,1997,13,-14.2,19970107,35.3,19970818,8.2,18.8,1017.2,1302,137,19970706,72.6,2355.7,52.96,,1.6,320,,
243,부안,1998,13.5,-13.5,19980124,34.3,19980919,8.8,19,1017.1,1600.9,202.5,19980930,74.9,1961.5,44.09,,1.5,290,,
243,부안,1999,12.5,-19.2,19991221,34.8,19990726,7.6,18.2,1017,1358.8,113,19990623,75.3,2133.1,47.95,,1.5,320,,
243,부안,2000,12.3,-16.2,20000121,34.6,20000829,7.4,18.1,1017.6,1231.6,142,20000826,69.1,1686.3,49.68,,1.5,320,,
243,부안,2001,12.6,-14.6,20010116,35.2,20010801,7.8,18.3,1017.9,885.4,91.5,20010618,72.5,3002.5,67.48,,1.4,320,,
243,부안,2002,12.9,-10.5,20020103,35.7,20020727,8.4,18.4,1017.6,1248.7,81,20020722,73.4,2627.5,59.06,,1.4,320,,
243,부안,2003,12.8,-16.7,20030106,34.7,20030803,8.5,17.9,1017.6,1850,74.5,20030827,69.6,2113.1,47.47,,1.4,320,,
243,부안,2004,13.2,-15.6,20040124,35.2,20040813,8.5,18.6,1016.7,1390.7,122,20040619,76.6,2377,53.27,,1.4,360,,
243,부안,2005,12.2,-17.2,20051218,35.5,20050805,7.6,17.3,1016.6,1420,151.5,20050803,75.7,2372.7,53.31,,1.5,360,,
243,부안,2006,13.6,-13.3,20061229,35.7,20060804,9.1,18.8,1016.4,1210.7,132.5,20060711,75.4,2257.4,50.72,,1.5,360,,
243,부안,2007,13.9,-6.3,20070114,35.7,20070825,9.6,19.2,1016.2,2074.1,250.5,20070829,74.1,1960.7,44.04,,1.6,320,,
243,부안,2008,13.3,-13.7,20081206,36,20080810,8.9,18.8,1016.5,881.5,116,20080816,72.8,2048.9,45.92,,1.7,320,,
243,부안,2009,13.3,-12.7,20090115,33.7,20090819,8.7,18.6,1015.4,1136.1,84.5,20090716,71.2,2139.5,48.06,,1.8,320,,
243,부안,2010,12.8,-12,20100114,34.6,20100821,8.4,17.9,1015.6,1253.6,80,20100711,73.2,1972.3,44.31,,1.9,320,,
243,부안,2011,12.5,-17,20110102,35.4,20110805,8.1,17.5,1016.7,1237.7,217.5,20110809,74.8,1989.7,44.69,,1.8,320,,
243,부안,2012,12.5,-12.6,20121227,36.1,20120806,8.1,17.5,1016.3,1503.7,165,20120830,71.6,2023.2,45.35,,1.9,320,,
243,부안,2013,12.9,-15.8,20130104,36.2,20130808,8.4,18.1,1016.5,1157.9,119.5,20130824,71.1,2139.3,48.06,,1.9,320,,
243,부안,2014,13.1,-13.2,20141218,35.2,20140731,8.6,18.4,1016.9,1188.5,95.5,20140825,70.9,2048.8,46.03,,1.7,320,,
243,부안,2015,13.5,-12.2,20150103,35.5,20150807,9.2,18.7,1016.8,924.1,52,20150711,71.6,2107.5,47.34,,1.7,320,,
243,부안,2016,13.8,-15.6,20160125,35.1,20160820,9.5,19,1016.9,1075.5,93,20160917,72.2,2102.3,47.12,,1.7,320,,
243,부안,2017,13.2,-9.7,20171214,35.8,20170805,8.6,18.7,1017.3,906.5,121,20170715,70.3,2322.7,52.18,,1.7,290,,
243,부안,2018,13.3,-14.6,20180207,38,20180801,8.8,18.8,1017.2,1359,159,20180701,71.1,2348.2,52.75,,1.7,290,,
243,부안,2019,13.7,-8.2,20190127,35.8,20190810,9.1,19.1,1017,1087.5,85,20190922,72.5,2386.6,53.61,,1.6,290,,
243,부안,2020,13.5,-11.1,20201231,34.5,20200825,9.4,18.5,1017.1,1694.8,143.1,20200808,77.8,2111.3,47.32,,1.6,290,,
243,부안,2021,14,-18.6,20210108,35,20210722,9.6,19.3,1016.8,1354,87.9,20210823,76.3,2143.3,48.14,,1.5,290,,
244,임실,1970,,-10.8,19701130,32,19700905,,,,134.8,134.8,19700716,,,,,,,,
244,임실,1971,,-24.4,19710105,32,19710707,,,,,,,,,,,,360,,
244,임실,1972,,-11.8,19720301,34.9,19720722,,,,318.5,120.5,19720819,,,,,,360,,
244,임실,1973,11.2,-20.5,19731229,34.3,19730814,5.8,17.2,1014.6,1164.4,125.5,19730803,74.6,2553.2,57.88,2680.02,1.2,230,976.8,625.2
244,임실,1974,10.6,-18.7,19740209,33.4,19740820,4.5,16.5,1014.9,1275.6,81.5,19741001,74.8,2469.2,55.71,4007.43,1.1,230,959,532.2
244,임실,1975,11.3,-19.9,19751224,33.6,19750803,5.7,17.4,1015.3,1488.5,98,19750706,79.1,2465.1,55.62,,1,360,985.1,490
244,임실,1976,10.4,-23.2,19760124,32.6,19760821,5,16.6,1014.8,1108.5,72.5,19760608,78.4,2507.3,56.43,,1.2,230,927.6,572.1
244,임실,1977,11,-17.7,19770106,35.8,19770729,5.2,17.8,1016.1,905,80.7,19770808,76,2324,57.82,7394.4,,180,996.1,631.9
244,임실,1978,11.3,-21.2,19780203,34.6,19780726,5.1,18.1,1015.8,1222.6,117.3,19780819,75.1,2712.8,61.25,6513.3,1.2,180,1017.1,642.5
244,임실,1979,11,-18.7,19790203,33.7,19790823,5.2,17.8,1015.5,1557.9,129.5,19790805,75.6,2637.8,59.51,6130.25,1.1,180,939.2,531.3
244,임실,1980,9.6,-21.9,19801230,31.5,19800727,3.7,16.2,1015.9,1558.2,77.3,19800729,74.3,2469.6,55.58,8978.24,1.1,180,879.3,466
244,임실,1981,9.8,-22.1,19810104,33.7,19810730,3.7,16.5,1016,1229.3,65.3,19810924,74.3,2631.5,59.37,9880.58,1,230,953.1,479.6
244,임실,1982,10.8,-21.2,19820120,34.4,19820808,5.1,17.9,1015.3,1081.6,66.5,19820813,76.8,2716.1,61.28,4199.51,.9,140,931.4,477.7
244,임실,1983,10.8,-18.4,19830121,35,19830805,5.2,17.5,1015.7,1119.4,83.9,19830722,78.5,2633.2,59.2,,.9,140,953.6,
244,임실,1984,10.4,-23.4,19840105,35.8,19840810,4.6,17.2,1015.9,1504.3,203.3,19840707,75,2704,60.66,,1,180,1018.9,
244,임실,1985,10.7,-21.2,19850115,35.1,19850729,5.6,17.1,1015.7,1912.1,106.2,19850810,76.2,2433.9,54.72,,1,160,984.4,
244,임실,1986,10.1,-20.4,19860106,34.3,19860802,4.7,16.9,1015.7,1351.6,169.4,19860624,75.3,2405.7,54.08,,.9,180,981,
244,임실,1987,10.9,-15.4,19870204,32.2,19870604,5.9,17.7,1014.4,1807.1,137,19870816,74.1,2547.4,57.27,,1.4,160,1014.3,
244,임실,1988,10.7,-15.9,19880124,34.2,19880707,5.1,17.4,1018,765.8,77.9,19880714,73.8,2991.5,67.1,,1.4,320,1107.3,
244,임실,1989,11.5,-13.6,19890129,33.4,19890805,6.2,17.9,1018.3,1608.4,108.2,19890725,78.3,2648.7,59.54,,1.3,320,1075.2,
244,임실,1990,11.8,-20.7,19900126,35.2,19900807,6.8,18,1016.6,1677.1,127.2,19900821,79.3,2383.4,53.58,,1.4,200,986.7,
244,임실,1991,11,-21.8,19910223,33.5,19910820,5.5,17.5,1016.2,1448.2,93.5,19910905,76.8,2468.1,55.49,,1.3,360,,
244,임실,1992,11.1,-15.4,19921225,32.9,19920728,5.5,17.7,1016.9,1056.1,126,19920717,74.6,2504.7,56.18,,1.4,270,,
244,임실,1993,10.4,-16.9,19930121,31.7,19930811,4.9,17,1017.3,1358.2,84,19930917,77.1,2075.1,46.65,,1.4,270,,
244,임실,1994,11.5,-22.1,19940124,37.1,19940723,5.2,18.8,1017.1,684.1,68.5,19940810,74.6,2321.7,52.2,,1.5,340,,
244,임실,1995,10.3,-15.4,19951231,34.9,19950814,4.2,17.6,1017.4,850.1,82.5,19950824,74.3,2150.5,48.35,,1,340,,
244,임실,1996,10.4,-16.7,19961202,35,19960802,4.4,17.6,1017.5,1171.9,91,19960617,74.6,2104.8,47.22,,1.3,250,,
244,임실,1997,11,-19.4,19970107,34.3,19970723,5,18.2,1017.2,1476.2,121.5,19970804,74.8,2179.8,49,,1.5,250,,
244,임실,1998,11.7,-19.5,19980125,31.7,19980912,6.4,18.2,1017.2,1771.5,172.5,19980930,76.1,1778.8,40,,1.2,230,,
244,임실,1999,10.8,-19.7,19990204,32.2,19990811,5.2,17.3,1017,1330.3,107.5,19990923,73.7,2116.5,47.58,,1.4,360,,
244,임실,2000,10.4,-19,20000121,32.9,20000813,4.6,17.2,1017.1,1352.8,87.5,20000913,67.8,1638.1,48.1,,1.4,250,,
244,임실,2001,11.1,-19.3,20010116,35.7,20010804,5.3,18.1,1017.1,1298.1,104.5,20010618,69.6,2398.6,53.92,,1.2,230,,
244,임실,2002,11.2,-13.6,20020103,34,20020725,5.6,17.8,1016.7,1580.3,208.5,20020806,71.7,2369.1,53.22,,1.2,200,,
244,임실,2003,11.5,-21.8,20030106,32.8,20030822,6.1,17.8,1017.1,1974.2,119,20030819,70.7,2251.5,50.58,,1.1,230,,
244,임실,2004,11.8,-16.7,20040123,34.7,20040731,5.8,18.9,1017.3,1274.1,197.5,20040818,69,2573.4,57.68,,1,360,,
244,임실,2005,10.9,-21.8,20051218,35.4,20050722,5.2,17.5,1016.7,1418.4,205,20050803,73,2523.2,56.68,,1.2,360,,
244,임실,2006,11.4,-17.5,20060209,35.5,20060804,5.8,18.4,1016.3,1260.7,86,20060718,73.4,2392.7,53.75,,1.2,360,,
244,임실,2007,11.8,-12.3,20070114,35.2,20070825,6.2,18.8,1016.2,1438.1,93,20070901,72.8,1833,41.17,,1.2,340,,
244,임실,2008,11.6,-14.5,20080213,34.2,20080729,5.6,18.6,1016.5,915.3,108.5,20080725,71.4,2008.8,45.03,,1.3,340,,
244,임실,2009,11.9,-18.8,20090115,33.7,20090808,5.8,18.9,1016.1,1134.4,83,20090719,69.7,2073.5,46.58,,1.6,340,,
244,임실,2010,11.5,-15.5,20100101,34.5,20100804,6.1,18,1016.7,1795.1,126.5,20100816,70.3,1813.6,40.74,,1.6,270,,
244,임실,2011,10.7,-18.7,20110110,34.1,20110805,5,17.3,1017.2,1700,234,20110809,68.8,1963.6,44.11,,1.5,320,,
244,임실,2012,10.6,-17.8,20120126,35.7,20120805,5,16.9,1016.4,1503.9,83.5,20120904,68.7,1951.1,43.73,,1.5,320,,
244,임실,2013,11.2,-21.5,20130104,34.8,20130811,5.6,17.6,1016.5,1400,149.5,20130705,70.6,2067.1,46.44,,1.5,320,,
244,임실,2014,11.5,-13.4,20140123,34.2,20140731,5.8,18.1,1016.9,1340.5,104.5,20140718,71.7,1974.8,44.36,,1.3,320,,
244,임실,2015,12.1,-15,20150103,35.6,20150807,6.5,18.6,1016.8,843.1,73,20151001,71.8,1964.9,44.14,,1.3,320,,
244,임실,2016,12.5,-20.6,20160125,36.3,20160821,7,19.1,1016.9,1326.5,112.5,20160917,72.4,1965.9,44.07,,1.3,320,,
244,임실,2017,11.6,-14.9,20171214,36.5,20170806,5.6,18.6,1017.2,958.3,61,20170911,70.5,2182.1,49.02,,1.2,320,,
244,임실,2018,12,-20,20180112,37.5,20180815,6,18.8,1017.1,1468.2,131.5,20180826,71.3,2205.6,49.54,,1.2,320,,
244,임실,2019,12.2,-12.4,20190127,35.3,20190805,6.4,19.1,1016.7,1069.7,93.5,20191002,72.1,2095.8,47.08,,1.3,320,,
244,임실,2020,12,-13.2,20201231,32.7,20200819,6.9,18,1017.2,1869.8,195.5,20200808,77.6,1986.3,44.52,,1.1,320,,
244,임실,2021,12.5,-22.8,20210108,33.6,20210731,7.2,18.7,1016.8,1259.2,76.6,20210810,76.7,2080.1,46.73,,1.1,320,,
245,정읍,1970,,-17.4,19700210,33.8,19700907,,,,266.1,112.4,19700716,,,,,,,,
245,정읍,1971,,-19.8,19710106,29,19710924,,,,105.2,105.2,19710924,,,,,,,,
245,정읍,1972,,-6.8,19720301,31.4,19720808,,,,292.7,108.2,19720904,,,,,,360,,
245,정읍,1973,12.6,-12.8,19731224,36.3,19730717,7.4,18.1,1014.8,1300.5,98,19730730,71.3,2081.5,46.96,1571.05,1.4,140,1027.2,677.2
245,정읍,1974,11.7,-20,19740226,35.1,19740819,6.5,17.1,1014.3,1482.4,178.5,19740830,74.2,2220.7,50.21,1255.27,1.4,140,993.8,628.1
245,정읍,1975,12.8,-15.2,19751224,34.9,19750730,8,18.2,1013.9,1591.1,99.2,19750706,79.3,2439,55.03,555.65,1.1,50,964.4,623.5
245,정읍,1976,12.1,-16.5,19760123,34.6,19760821,6.9,17.6,1014.4,1061.3,96.4,19760806,77,2569.8,57.83,,1.3,50,982.3,612.5
245,정읍,1977,12.9,-15.4,19770217,36.2,19770729,7.7,18.5,1015.6,967.8,80.2,19770808,74.5,2623.1,59.19,5942.84,1.2,360,980.1,629.3
245,정읍,1978,13.3,-14.8,19780202,35.8,19780728,7.8,19.1,1015.2,1310.1,145,19780820,74.4,2728.3,61.55,6754.35,.8,110,948.8,644.5
245,정읍,1979,13.1,-9.4,19790205,34.5,19790824,7.7,18.8,1014.8,1291.3,90.1,19790817,74.7,2553.1,57.6,7481.38,.7,110,813,536.6
245,정읍,1980,11.6,-15.2,19800118,32.2,19800606,6.6,17.3,1015.2,1524.4,110,19800729,79.3,2434.4,54.78,9277.65,1.3,320,690.7,405.8
245,정읍,1981,11.8,-14.9,19810127,35.3,19810726,6.7,17.7,1015.2,1150.4,64,19810830,72.9,2542.6,57.36,7337.53,1.3,140,953.4,582.1
245,정읍,1982,12.8,-13.3,19820129,35.5,19820808,7.6,18.9,1015.2,958.9,74.5,19820530,70.7,2626.1,59.24,3310.35,1.1,140,1047.3,647.1
245,정읍,1983,12.8,-15.5,19830213,36.5,19830803,7.8,18.5,1015.2,1068.5,65.2,19830810,76.1,2507.3,56.37,,1,320,991.5,
245,정읍,1984,12.4,-14.4,19841225,36.5,19840810,7.1,18.4,1016.3,1276.5,120,19840831,73.8,2597.3,58.26,,1.1,320,1092,
245,정읍,1985,12.7,-14.4,19850117,35.4,19850801,7.7,18.1,1016.1,1655.7,92.5,19850810,76.8,2388.2,53.68,,1,340,1001.4,
245,정읍,1986,12.2,-14.9,19860106,34.7,19860728,7.1,17.9,1016.3,1423.7,135.5,19860624,75.3,2542.8,57.17,,1,180,990.9,
245,정읍,1987,12.9,-11.2,19870204,34.1,19870801,7.7,18.8,1016.5,1579.4,103,19870715,75.3,2501.5,56.24,,1.1,140,974,
245,정읍,1988,12.9,-10.2,19880210,37.3,19880707,7.4,19.2,1015.6,767.8,61.5,19880714,72.9,2709.4,60.77,,1,140,1095.5,
245,정읍,1989,13.4,-11.8,19890128,35.1,19890721,8.2,19.3,1017.2,1376.3,83.5,19890908,77,2432.4,54.68,,.8,140,1031.1,
245,정읍,1990,13.7,-16.3,19900126,37.5,19900807,8.7,19.8,1017.4,1297.9,106.8,19900711,78.2,2374.8,53.39,,.9,90,1001,
245,정읍,1991,12.8,-15.3,19910224,35.2,19910728,7.9,18.9,1017.1,1205.4,93.2,19910905,77,2474.5,55.63,,.9,360,,
245,정읍,1992,13,-7.8,19921127,34.8,19920729,8.2,18.8,1017.1,996.8,86.3,19920717,70,2528.7,56.73,,1.3,140,,
245,정읍,1993,12.3,-12.2,19930121,32.8,19930809,7.5,17.7,1017.2,1642.2,186.5,19930718,72.6,2047.5,46.03,,1.4,270,,
245,정읍,1994,13.7,-12.1,19940123,37.2,19940718,8.5,19.5,1016.7,826.6,87,19940810,73.4,2420.9,54.43,,1.1,320,,
245,정읍,1995,12.7,-11,19950130,36,19950814,7.7,18.4,1017,910.3,79.5,19950902,72.9,2264.9,50.92,,.6,110,,
245,정읍,1996,12.6,-12.1,19960202,36.7,19960731,7.9,18.2,1017.1,1246.4,114.5,19960617,75.6,2182.5,48.96,,.8,110,,
245,정읍,1997,13.5,-12.5,19970122,35.4,19970818,8.6,19.3,1016.7,1511.7,138.5,19970804,71.7,2172.7,48.84,,.9,110,,
245,정읍,1998,14.1,-12.8,19980125,34.5,19980919,9.4,19.4,1016.6,1917.3,244.5,19980930,73.8,1792.2,40.29,,1.2,50,,
245,정읍,1999,13.2,-11.4,19990109,34.6,19990725,8.2,18.9,1016.4,1415.3,99.5,19990923,70.9,2010,45.19,,1.4,140,,
245,정읍,2000,12.6,-12.5,20000121,34.1,20000829,7.6,18.4,1016.9,1256.9,102,20000824,69.1,1597.8,46.91,,1.3,110,,
245,정읍,2001,13.1,-15.1,20010116,35.4,20010804,8.2,18.9,1017.2,1136,106,20010624,71.4,2095,47.1,,1.1,110,,
245,정읍,2002,13.2,-10.6,20020103,35.9,20020727,8.4,18.9,1016.8,1259,93,20020416,72.7,2031.5,45.63,,1.1,110,,
245,정읍,2003,12.9,-14.1,20030130,33.7,20030822,8.4,18.2,1017.3,1870,87.5,20030827,67,1891.3,42.48,,.8,110,,
245,정읍,2004,13.6,-12.3,20040122,35.4,20040810,8.7,19.4,1017.3,1282,99.5,20040818,62.2,2180.6,48.88,,.9,110,,
245,정읍,2005,12.8,-14.8,20051218,35.5,20050805,8.2,18.3,1016.4,1536.9,139,20050901,66,1890.4,42.47,,1.2,110,,
245,정읍,2006,13.3,-12.3,20061229,35,20060804,8.7,18.8,1016.1,1283.8,114.5,20060711,65.9,1784.1,40.07,,1.1,110,,
245,정읍,2007,13.7,-6.5,20070114,35.2,20070816,9.2,19.2,1015.9,1637.2,162.5,20070901,67.9,1773,39.83,,1.1,110,,
245,정읍,2008,13.8,-11.8,20081206,35.9,20080810,9.1,19.6,1016.5,881.2,66.5,20080528,67.6,1969.8,44.15,,1.3,110,,
245,정읍,2009,13.7,-11.8,20090115,34.2,20090809,9,19.3,1015.6,1400.7,126.5,20090715,66.3,2046.1,45.96,,1.5,110,,
245,정읍,2010,13.7,-11.8,20100101,35.6,20100801,9.1,18.9,1015.9,1748.3,117.5,20100711,67.8,1863.1,41.85,,1.5,110,,
245,정읍,2011,13,-14.4,20110117,35.9,20110805,8.4,18.4,1016.8,1654,420,20110809,67.5,1939.8,43.58,,1.4,110,,
245,정읍,2012,13.1,-13.2,20121226,37.8,20120801,8.4,18.4,1016.3,1473.4,214.5,20120830,66.6,1985.7,44.51,,1.4,110,,
245,정읍,2013,13.7,-14.5,20130104,37.1,20130821,8.9,19.3,1016.4,1061.9,115,20130705,67.4,2363.6,53.1,,1.4,110,,
245,정읍,2014,13.7,-11.4,20141218,37.3,20140731,9,19.3,1016.7,1261.2,159,20140818,69.3,2217.4,49.82,,1.4,110,,
245,정읍,2015,14.1,-10.1,20150209,36.6,20150807,9.5,19.7,1016.7,988.5,64.5,20151001,74.5,1690,37.97,22,1.4,110,,
245,정읍,2016,14.3,-14.7,20160125,36.4,20160811,9.7,19.7,1016.8,1279.5,125.5,20160917,72.3,2248.8,50.41,,1.4,110,,
245,정읍,2017,13.1,-10.9,20171214,35.8,20170805,8.1,18.8,1017,938.2,85.2,20170821,73.1,2415.3,54.26,,1.5,360,,
245,정읍,2018,13.1,-14.7,20180207,38.4,20180802,8.4,18.7,1016.9,1305,93.7,20180627,78.6,2391.5,53.72,,1.6,20,,
245,정읍,2019,13.3,-8,20190127,34.7,20190810,8.5,18.8,1016.6,1246.7,131.1,20190727,75.3,2023.6,45.46,,,360,,
245,정읍,2020,13.2,-10.9,20201231,34,20200825,8.8,18.5,1016.7,1718.9,176.6,20200808,71.8,1997.8,45.89,,1.6,20,,
245,정읍,2021,13.8,-17.6,20210108,34.8,20210725,9.1,19.2,1016.4,1354.6,93.9,20210824,71.3,2236,50.23,,1.6,230,,
247,남원,1971,,,,,,,,,,,,,,,,,50,,
247,남원,1972,,-9.7,19720301,27.6,19720829,,,,235.6,79.3,19720329,,,,,,230,,
247,남원,1973,12.4,-16.3,19731229,36.7,19730814,6.8,18.9,1018.7,1145,128,19730803,76.3,2452.4,55.32,5298.23,.9,50,1231.6,646
247,남원,1974,11.7,-13.7,19740226,35.1,19740814,6.2,18.5,1018.3,1455.5,109.5,19741001,77,2363.3,53.32,1940.68,,320,1151.1,627.3
247,남원,1975,12.6,-15.6,19750119,36.3,19750818,7.6,18.8,1018.1,1532.6,101.2,19750716,73,2318.8,52.32,5091.7,1.4,270,1060.5,514.3
247,남원,1976,11.6,-18.4,19760123,35.3,19760821,6.2,18.1,1018.6,1143.6,90,19760608,72.9,2194.5,49.39,5151.28,1.5,50,1063,567.6
247,남원,1977,12.4,-16.2,19770216,36.6,19770731,6.6,19.4,1019.4,817.2,69.5,19770406,69.9,2283.1,51.51,48.83,1.4,90,1159.6,618.7
247,남원,1978,12.9,-17.3,19780201,36,19780722,6.4,19.8,1018.9,1369,183.5,19780819,71.4,2371.1,53.5,7190.67,1.2,90,1162.1,553.7
247,남원,1979,12.4,-13.8,19790203,35,19790823,6.1,19.3,1018.6,1342.3,106.2,19790825,73.2,2293.4,51.74,9821.66,1.1,90,1041.3,411.6
247,남원,1980,11.2,-17.8,19801230,31.6,19800613,5.3,17.5,1019,1735.4,122.4,19800405,74.5,2133.8,48.02,7492.41,1,320,963.5,397.2
247,남원,1981,11.4,-16.3,19810104,35.8,19810730,5.9,18.1,1019,1329.6,119.1,19810703,66,2231.4,50.34,10356.97,.8,320,1022.2,559.2
247,남원,1982,12.3,-13.2,19820129,34.8,19820808,6.3,19.3,1019.1,951.5,61.6,19820813,72.8,2306.8,52.05,4570.43,.9,250,1078.4,577.1
247,남원,1983,12.3,-13.8,19830214,37,19830805,7,18.9,1019.2,1021.3,59.2,19830723,78.8,2164.9,48.67,,.7,270,988.8,527.6
247,남원,1984,11.9,-15.6,19840203,36.3,19840810,6.4,18.5,1019.2,1585.9,181.2,19840707,75.7,2216.7,49.73,,.8,90,1014.6,590.5
247,남원,1985,12.2,-19.2,19850130,36.7,19850808,7.3,18.2,1019.1,1903.9,123.4,19850623,76.4,1975.9,44.43,,.9,270,976,574.3
247,남원,1986,11.7,-15,19860106,34.6,19860802,6.4,18.2,1019.2,1347.5,78.1,19860624,75.9,2166.3,48.71,,1.1,90,990.1,537
247,남원,1987,12.4,-13.1,19870113,34.2,19870627,6.8,19.1,1019.4,1396.9,107.4,19870715,78.5,2061.6,46.35,,1.1,320,1008.2,529.2
247,남원,1988,12.2,-13.6,19880124,36.8,19880810,6.3,19.2,1017.2,800.4,106.9,19880714,78.8,2231,50.05,,1.1,50,1211.6,627.9
247,남원,1989,12.8,-10.9,19890129,35.8,19890805,7.3,19.4,1017.4,1855.9,145.6,19890725,78.6,2035.1,45.76,,1,70,1040.6,570.2
247,남원,1990,13.1,-17,19900126,37.5,19900729,7.9,19.7,1017.7,1402,127.9,19900620,78,1958.6,44.04,,1.1,50,1014.9,547.9
247,남원,1991,12.4,-19.3,19910223,36.5,19910728,6.9,19.7,1017.3,1495.9,115.2,19910731,75.3,2309.8,51.93,,1,50,,
247,남원,1992,12.7,-10.1,19921225,35.3,19920723,7,19.8,1017.9,859.6,77.5,19920717,70.5,2593.7,58.18,,1.1,90,,
247,남원,1993,11.7,-14.8,19931223,32.8,19930531,6,18.4,1017.4,1263.1,90,19930712,74.3,2099.4,47.21,,1.4,340,,
247,남원,1994,12,-21.9,19940124,36.6,19940718,5.4,19.3,1017.1,565.1,56,19940810,79.4,2427.4,54.58,,1.5,340,,
247,남원,1995,11.2,-15.1,19951231,36,19950814,5,18.5,1017.5,905.3,92.5,19950824,78.4,2287.3,51.43,,1.3,340,,
247,남원,1996,11.4,-14.2,19961202,36.5,19960802,5.4,18.5,1017.5,1124.5,109.5,19960624,73.4,2146.1,48.14,,1.3,340,,
247,남원,1997,12.1,-19.5,19970107,35.2,19970723,6.1,19.4,1017.2,1678.9,151.5,19970804,61,2266.5,50.97,,1.3,360,,
247,남원,1998,13.3,-16.6,19980125,34,19980909,7.7,20.1,1017.2,1828.7,130,19980930,70.9,1869.4,42.03,,1.1,360,1084.1,563.2
247,남원,1999,12.7,-18.3,19990204,35.5,19990614,6.6,19.8,1017,1450.3,90.5,19990923,73.6,2118.9,47.64,,1.1,360,1080.8,594.6
247,남원,2000,12.1,-19,20000121,35.2,20000525,5.9,19.3,1017.1,1475.5,115,20000825,71.6,1996.8,47.6,,1.4,340,956.2,559.7
247,남원,2001,12.5,-19.7,20010115,35.3,20010726,6.6,19.4,1017,1467.5,150,20010705,69.8,2420.1,54.43,,1.3,340,,
247,남원,2002,12.6,-11.8,20020103,35.2,20020725,6.8,19.3,1016.7,1624,170.5,20020831,67.1,2438.4,54.78,,1.2,360,,
247,남원,2003,12.5,-19.3,20030106,34.4,20030822,7.2,18.9,1017.1,2050.1,106.5,20030709,69,2229.2,50.08,,1.3,360,,
247,남원,2004,12.4,-15.3,20040122,35.2,20040723,6.4,19.5,1016.4,1538.9,218,20040818,72.1,2517.6,56.43,,1.3,360,,
247,남원,2005,12,-19.3,20051218,37,20050723,6.1,18.8,1016.3,1126.2,55.5,20050728,72.1,2449.5,55.03,,1.4,360,,
247,남원,2006,12.8,-15.1,20060209,35.9,20060808,7.3,19.5,1016.1,1381.5,84,20060519,72.1,2207.8,49.6,,1.4,360,,
247,남원,2007,13,-9.6,20070114,35,20070825,7.5,19.6,1015.9,1815.2,138.5,20070829,74.5,1871.7,42.05,,1.3,360,,
247,남원,2008,12.7,-12.9,20080213,34.9,20080708,6.8,19.6,1016.4,816.3,81,20080528,70.4,2062.3,46.23,,1.5,340,,
247,남원,2009,12.5,-18.4,20091231,33.6,20090815,6.4,19.4,1016.3,1313.5,162.5,20090707,70.5,2089.3,46.94,,1.5,340,,
247,남원,2010,11.6,-18.3,20100101,34.7,20100821,6.2,18,1017,1423.3,169.5,20100711,71.8,1886.4,42.38,,1.5,340,,
247,남원,2011,12,-17,20110101,35.1,20110720,6.3,18.5,1017.1,1342.5,163,20110917,69.8,2112.9,47.47,,1.6,340,,
247,남원,2012,11.9,-15.2,20120126,35.9,20120805,6.3,18.3,1016.2,1518.1,109,20120713,69.9,2332.2,52.28,,1.6,340,,
247,남원,2013,12.6,-18.4,20130104,35.5,20130812,7.1,18.9,1016.1,1396.6,178,20130705,68.1,2390,53.7,,1.6,50,,
247,남원,2014,12.7,-11,20140114,34.6,20140731,7.6,18.7,1015.9,1259.5,86.4,20140818,68.2,2177.6,48.93,,1.8,50,,
247,남원,2015,12.8,-11.9,20150209,35.9,20150807,7.8,18.8,1016,869,67.2,20151001,68,2148.7,48.38,0,1.8,50,,
247,남원,2016,13.5,-17,20160125,36.2,20160812,8.5,19.3,1016,1388.5,113.4,20160917,67.6,2176.3,48.79,,1.7,50,,
247,남원,2017,12.7,-13.1,20170123,37,20170806,7.2,19.2,1016.5,851.3,82.1,20170911,65.1,2362.1,53.07,,1.6,70,,
247,남원,2018,13,-16.4,20180112,37.5,20180728,7.7,19.2,1016.9,1431.7,158.9,20180826,66.8,2418.1,54.33,,1.7,20,,
247,남원,2019,13.3,-10.1,20190127,35.4,20190803,8,19.6,1016.6,1332.8,144.1,20190715,67.9,2315.4,52.02,,1.6,360,,
247,남원,2020,13.1,-12.3,20201231,34.7,20200820,8.1,19.1,1017.1,2007.2,289.4,20200808,73.4,2162.1,48.47,,1.7,70,,
247,남원,2021,13.4,-19.7,20210108,34.8,20210731,8.3,19.6,1017,1136.8,73.6,20210707,73.3,2214,50.22,,1.8,70,,
248,장수,1988,10.2,-16,19880124,33.3,19880804,4.6,16.5,1017.9,849.4,78.7,19880717,71.9,2564.4,57.52,,1.5,70,1054.2,
248,장수,1989,10.8,-14.6,19890128,31.3,19890805,5.3,17,1018.1,1837.3,108,19890726,75.3,2335.7,52.51,,1.3,20,985.6,
248,장수,1990,11.3,-22.4,19900126,34.3,19900806,5.9,17.4,1018.3,1591.6,75.3,19900718,77.2,2245.5,50.48,,1.4,20,947.4,459.8
248,장수,1991,10.2,-25.8,19910223,31.7,19910819,4.8,16.4,1017.8,1406.5,93.6,19910417,77.1,2179.3,49,,1.9,20,1052.7,534.1
248,장수,1992,10.3,-16.5,19921225,31.7,19920728,4.9,16.6,1017.5,1162.4,159.5,19920717,75.8,2181.7,48.94,,1.8,20,1019.9,521.5
248,장수,1993,9.6,-19.6,19930121,30.4,19930811,4.1,16,1017.6,1570.6,172,19930917,79.8,1961.6,44.1,,1.7,20,1002.8,493.2
248,장수,1994,10.7,-25.7,19940124,34.7,19940724,4.5,17.6,1017.1,742.5,61,19940810,79.3,2502.9,56.27,,1.8,20,1221.4,721.7
248,장수,1995,9.6,-15.9,19951231,33,19950814,3.9,16.4,1017.3,1236.3,85,19950824,80.1,2354.1,52.93,,1.8,20,1132.1,615.9
248,장수,1996,9.5,-22.1,19961202,33.7,19960802,3.7,16.4,1017.5,1288.6,135.5,19960617,79.1,2188,49.08,,1.7,360,1174,610.6
248,장수,1997,10.4,-22.9,19970107,32.9,19970723,4.4,17.3,1017.1,1822,170,19970804,76.9,2203.3,49.53,,1.7,360,,
248,장수,1998,11.5,-17.1,19980125,31.6,19980807,6.3,17.8,1017.1,1985.1,121,19980818,74.8,1852.2,41.64,,1.5,360,,
248,장수,1999,11,-19.1,19990204,32.2,19990811,5.4,17.3,1016.8,1550.3,106,19990623,71.4,2005.8,45.09,,1.5,340,,
248,장수,2000,10.2,-19.6,20000121,32,20000525,4.7,16.7,1017,1444.7,114.5,20000723,71.8,1704.8,50.06,,1.6,340,,
248,장수,2001,10.3,-18.9,20010202,34,20010804,4.6,16.9,1017,1361.5,123.5,20010618,68.8,2175.9,48.92,,1.5,360,,
248,장수,2002,10.6,-14.3,20021227,32.7,20020725,5.2,16.8,1016.6,1698.5,182.5,20020831,66.2,2082,46.77,,1.6,360,,
248,장수,2003,10.5,-21.3,20030106,30.6,20030822,5.2,16.5,1016.6,2208.1,114.5,20030912,73.9,1904.1,42.77,,1.6,360,,
248,장수,2004,10.9,-16.5,20040124,33.2,20040723,5.1,17.6,1016.5,1398.3,130,20040818,72.9,2183.6,48.95,,1.7,360,,
248,장수,2005,10.2,-23.2,20051218,33.4,20050722,4.6,16.3,1016.3,1431.6,125.5,20050701,71.8,2132.2,47.9,,1.8,360,,
248,장수,2006,10.8,-20.2,20060209,33.2,20060804,5.3,17.1,1016.2,1354.2,73.5,20060718,73.1,2000.8,44.95,,1.6,360,,
248,장수,2007,11.2,-14.1,20070129,32.4,20070802,5.9,17.4,1016,1563.3,107.5,20070901,73.3,1831.8,41.15,,1.6,360,,
248,장수,2008,10.9,-15.6,20081206,34.1,20080709,5.1,17.5,1016.4,863.4,95,20080528,71.3,2054.3,46.05,,1.7,360,,
248,장수,2009,11,-18.8,20090115,31.9,20090808,5.1,17.8,1015.9,1308.9,105,20090716,70.6,2076.2,46.64,,1.8,360,,
248,장수,2010,11,-17,20100108,33.6,20100809,5.6,17.1,1016.4,1888.8,176.5,20100816,72.4,1877.4,42.17,,1.8,360,,
248,장수,2011,10.4,-21.2,20110117,32.8,20110720,4.8,16.5,1016.8,1811.5,141,20110709,71.5,1986,44.61,,1.9,200,,
248,장수,2012,10.2,-19.2,20120203,34.1,20120806,4.7,16.3,1016,1910.8,127.5,20120813,72.7,1928,43.22,,1.9,200,,
248,장수,2013,10.7,-23.3,20130104,33.8,20130811,5.1,17,1016.2,1574.2,189.5,20130705,73.6,2069,46.48,,1.9,360,,
248,장수,2014,11,-17.2,20140122,32.4,20140531,5.4,17.4,1016.6,1321.4,87,20140818,76.4,1948.5,43.77,,1.7,360,,
248,장수,2015,11.5,-14.6,20150103,34.2,20150807,5.9,17.9,1016.5,1012.2,103,20151001,74.8,1965,44.15,,1.7,340,,
248,장수,2016,11.7,-17.5,20160125,34.1,20160824,6.1,18,1016.6,1485.8,116,20160917,74.3,2013.2,45.13,,1.7,360,,
248,장수,2017,10.8,-16.6,20170125,35.3,20170806,4.8,17.5,1016.9,1128.1,89,20170911,71.3,2187.8,49.15,,1.7,360,,
248,장수,2018,11.1,-19.4,20180111,36.5,20180814,5.2,17.7,1016.9,1665,174,20180826,70.4,2194.7,49.3,,1.7,360,,
248,장수,2019,11.4,-13.6,20190127,33.9,20190802,5.6,18,1016.6,1262.8,94,20191002,71.3,2098.2,47.14,,1.5,360,,
248,장수,2020,11.2,-13.1,20201231,33.2,20200820,6,17.3,1016.8,2126,237,20200808,78.4,1988.7,44.58,,1.5,360,,
248,장수,2021,11.6,-24.1,20210108,33.1,20210730,6,17.9,1016.7,1345.2,107.7,20210824,77.4,1959.2,44.01,,1.4,360,,
251,고창군,1978,,.8,19780422,25.4,19780430,,,,2.5,2.5,19780416,,80.6,67.67,,,230,43.9,
251,고창군,2007,,-4.5,20071231,35.2,20070824,,,,58,32.5,20070805,,0,0,2.18,,360,,
251,고창군,2008,13.6,-12.4,20081206,35.2,20080808,8.8,19.3,1016.1,937.7,87,20080528,71.7,1955.4,43.87,4106.68,1.4,140,,
251,고창군,2009,13.5,-11.8,20090124,34,20090809,8.7,19,1015.5,1303.2,92.5,20090629,69.7,2054.3,46,4226.17,1.8,360,,
251,고창군,2010,13.6,-12.3,20100114,35.3,20100820,9,18.8,1016,1784.8,115.5,20100711,72.5,1832.8,41.18,4006.52,1.9,140,,
251,고창군,2011,13.2,-13.5,20110116,35.6,20110805,8.5,18.5,1016.5,1565.8,279,20110809,70.4,1923.2,43.21,4727.22,1.8,360,,
251,고창군,2012,13.2,-12.9,20121226,36.4,20120806,8.5,18.4,1015.7,1535,187.5,20120830,68.7,1915.1,42.94,5109.11,1.9,360,,
251,고창군,2013,13.5,-13.7,20130104,36.6,20130808,8.8,19,1015.9,1079.5,138,20130824,69.3,2022.9,45.45,5297.86,1.8,140,,
251,고창군,2014,13.9,-9.5,20141219,36.6,20140731,9.1,19.6,1016.2,1332.7,155,20140818,70.3,1948.8,43.79,5194.28,1.7,320,,
251,고창군,2015,13.9,-10.9,20150103,36.2,20150807,9.3,19.5,1016.2,966.3,68,20151001,72.1,1982.2,44.54,5215.73,1.6,320,,
251,고창군,2016,14.3,-13,20160125,37,20160812,9.7,19.8,1016.2,1126.1,112.5,20160917,74.3,1972.9,44.24,5236.64,1.7,320,645.2,451.9
251,고창군,2017,13.5,-10,20171214,36.2,20170805,8.3,19.4,1016.6,1063.3,109,20170715,73.8,2164.6,48.64,5118.04,1.6,320,1297.6,908.5
251,고창군,2018,12.8,-15.6,20180207,37.7,20180802,7.9,18.7,1016.5,1314.1,122,20180627,72.8,2176.8,49.02,3075.02,2,20,1003.4,702.6
251,고창군,2019,13.2,-8.3,20190116,34.5,20190803,8.3,18.9,1016.1,1121.7,96.1,20190922,71.9,2218.9,49.86,5073.83,1.5,360,1273.9,891.1
251,고창군,2020,13.3,-11,20201231,33.7,20200825,8.7,18.7,1016.3,1671.7,230.5,20200808,71.7,2110.1,47.31,5221.44,1.6,340,1269.2,888.2
251,고창군,2021,14,-18.1,20210108,35.2,20210721,9.1,19.6,1016.4,1174.6,71.7,20210824,71,2160.2,48.54,5340.31,1.5,340,1357.5,949.3
254,순창군,2008,,-11,20081206,34.9,20080729,,,,267.8,78.5,20080725,,881.9,44.96,2564.23,,270,,
254,순창군,2009,12.5,-16,20090115,34.1,20090808,7,18.9,1016.2,1543.8,136.5,20090707,70.2,2118.2,47.59,5476.96,1.8,270,,
254,순창군,2010,12.4,-15.2,20100101,34.8,20100809,7.4,18.2,1016.7,1768,196,20100711,70.6,1875,42.13,5084.61,1.8,270,,
254,순창군,2011,12.6,-15.4,20110113,35.6,20110720,7.4,18.6,1017.1,1442,93,20110809,67.8,2119.6,47.62,5778.53,1.8,270,,
254,순창군,2012,12.5,-14.7,20120126,37.5,20120805,7.4,18.3,1016.3,1607.9,85.5,20120830,67.3,2343.1,52.53,5420.61,1.8,270,,
254,순창군,2013,13,-16.7,20130104,36.3,20130811,7.7,19.2,1016.5,1303.1,209.5,20130705,69.3,2411.2,54.18,5676.9,1.7,270,,
254,순창군,2014,13.1,-11.7,20140122,36.3,20140731,7.8,19.4,1016.9,1476.9,123,20140817,70.3,2286.4,51.38,5676.62,1.6,270,,
254,순창군,2015,13.3,-12.7,20150103,35.6,20150807,8,19.5,1016.9,1061.1,67.5,20151001,72.6,2279.5,51.22,5811.54,1.6,270,,
254,순창군,2016,12.7,-17.7,20160125,35.4,20160811,7.5,18.7,1017,1509.9,142,20160917,73,2328.3,52.2,6000.28,1.7,270,709,495.9
254,순창군,2017,12.2,-14.8,20170123,36.7,20170806,6.6,18.7,1017.2,1023.2,83.5,20170715,70.2,2538.4,57.04,6268.54,1.7,270,1525.9,1068.5
254,순창군,2018,12.8,-16.2,20180112,38.1,20180727,7.4,19.2,1017.2,1523.3,118.5,20180827,73.8,2523.4,56.7,3706.59,1.4,270,1006.1,703.7
254,순창군,2019,13,-10.7,20190127,36,20190805,7.6,19.5,1016.8,1284.2,115,20191002,73.1,2296.4,51.71,3677.27,1.5,270,997.6,698.8
254,순창군,2020,13,-12.6,20201231,34.8,20200820,8,18.9,1016.7,2133.7,361.3,20200808,74.5,2033.1,45.58,5270.98,1.8,270,1307.5,914.7
254,순창군,2021,13.6,-21.5,20210108,35.2,20210806,8.4,19.8,1016.7,1232.6,71.9,20210827,75.3,2109.9,47.41,5458.4,1.5,270,1353.6,948
