지점,지점명,일시,평균기온(°C),최저기온(°C),최저기온 시각(hhmi),최고기온(°C),최고기온 시각(hhmi),강수 계속시간(hr),10분 최다 강수량(mm),10분 최다강수량 시각(hhmi),1시간 최다강수량(mm),1시간 최다 강수량 시각(hhmi),일강수량(mm),최대 순간 풍속(m/s),최대 순간 풍속 풍향(16방위),최대 순간풍속 시각(hhmi),최대 풍속(m/s),최대 풍속 풍향(16방위),최대 풍속 시각(hhmi),평균 풍속(m/s),풍정합(100m),최다풍향(16방위),평균 이슬점온도(°C),최소 상대습도(%),최소 상대습도 시각(hhmi),평균 상대습도(%),평균 증기압(hPa),평균 현지기압(hPa),최고 해면기압(hPa),최고 해면기압 시각(hhmi),최저 해면기압(hPa),최저 해면기압 시각(hhmi),평균 해면기압(hPa),가조시간(hr),합계 일조시간(hr),1시간 최다일사 시각(hhmi),1시간 최다일사량(MJ/m2),합계 일사량(MJ/m2),일 최심신적설(cm),일 최심신적설 시각(hhmi),일 최심적설(cm),일 최심적설 시각(hhmi),합계 3시간 신적설(cm),평균 전운량(1/10),평균 중하층운량(1/10),평균 지면온도(°C),최저 초상온도(°C),평균 5cm 지중온도(°C),평균 10cm 지중온도(°C),평균 20cm 지중온도(°C),평균 30cm 지중온도(°C),0.5m 지중온도(°C),1.0m 지중온도(°C),1.5m 지중온도(°C),3.0m 지중온도(°C),5.0m 지중온도(°C),합계 대형증발량(mm),합계 소형증발량(mm),9-9강수(mm),기사,안개 계속시간(hr)
140,군산,2022-10-27,13.1,7.5,712,19,1316,,,,,,,7.1,250,1413,4.9,270,1420,1.4,1214,270,7.4,33,1251,70.6,10.4,1023.2,1027.7,912,1024.8,1613,1026.5,10.9,9.9,,,,,,,,,1.1,1.1,13.8,4.4,,,,,,,,,,,,,,
140,군산,2022-10-28,11.8,6.6,638,17.5,1435,,,,,,,5.8,200,1447,3.8,250,1403,1.3,1097,160,9.2,55,1247,85.4,11.6,1023.3,1028.1,926,1025.1,1640,1026.7,10.9,9.9,,,,,,,,,3.5,,13.1,3.2,,,,,,,,,,,,,,
140,군산,2022-10-29,13.5,8.1,455,20.1,1503,,,,,,,4.9,270,1554,3.9,270,1554,1.1,976,290,9.5,52,1440,79,11.9,1023.2,1028.2,845,1025.3,1515,1026.6,10.8,8.2,,,,,,,,,5.1,2.8,13.6,3.9,,,,,,,,,,,,,,
140,군산,2022-10-30,13.9,8.2,605,21.2,1450,,,,,,,4.7,270,1626,3.1,270,1629,1.1,987,340,8.7,36,1421,74.3,11.3,1022.3,1027.2,812,1024.1,1450,1025.7,10.8,9.5,,,,,,,,,2.9,1.8,14.1,4.6,,,,,,,,,,,,,,
140,군산,2022-10-31,13.3,9.6,736,19.7,1358,,,,,,,7.5,320,1503,5.6,290,1504,1.5,1312,290,9.2,46,1348,78.3,11.7,1021.5,1026.4,902,1023.4,1404,1024.8,10.8,8.6,,,,,,,,,4.1,3.9,13.9,6.4,,,,,,,,,,,,,,
140,군산,2022-11-01,12.4,8.1,505,17.9,1322,,,,,,,7.8,270,1742,6,290,1519,1.9,1634,290,10.1,62,1323,87.6,12.4,1019.8,1024.8,859,1021.5,1551,1023.2,10.7,6.7,,,,,,,,,2.5,1.4,13.5,3.8,,,,,,,,,,,,,,
140,군산,2022-11-02,10.1,4.6,652,17,1247,,,,,,,6.2,290,1349,4.7,290,1349,1.5,1283,270,5.8,36,1232,77.3,9.2,1018.5,1024.1,840,1020.2,2358,1021.9,10.7,10,,,,,,,,,3.3,2,11.9,1,,,,,,,,,,,,,,
140,군산,2022-11-03,10.2,4.2,625,16.4,1436,,,,,,,8.2,290,1619,6.3,290,1620,2.1,1794,290,3.9,37,1457,67.5,8.1,1017.4,1022.4,2250,1019.5,1438,1020.8,10.7,3.9,,,,,,,,,6.1,5,10.9,-.3,,,,,,,,,,,,,,
140,군산,2022-11-04,6.9,3.1,2330,11.5,1410,,,,,,,10.1,320,1523,7.7,320,1532,3,2589,320,-2.7,25,1447,53.1,5.1,1021.3,1026.5,2307,1022.4,1,1024.7,10.6,9.7,,,,,,,,,1.9,1.1,8.7,-1.5,,,,,,,,,,,,,,
140,군산,2022-11-05,6.9,.2,652,13.9,1328,,,,,,,8.2,270,1436,5.8,270,1518,1.6,1378,90,-.3,38,1314,61.8,6,1023.3,1028.3,857,1025.3,1458,1026.8,10.6,10,,,,,,,,,0,0,7.8,-3.6,,,,,,,,,,,,,,
140,군산,2022-11-06,8.9,3,651,15.8,1228,,,,,,,8.2,290,1315,5.4,270,1533,1.4,1223,290,3.4,43,1314,70.8,7.9,1022.3,1027.7,838,1023.8,1635,1025.8,10.6,9.2,,,,,,,,,3.6,2.3,9.7,-.2,,,,,,,,,,,,,,
140,군산,2022-11-07,9.9,4,723,17.1,1508,,,,,,,6.4,250,1610,4.4,270,1615,1.3,1124,290,4,30,1521,70.9,8.2,1021.1,1026.1,908,1022.3,1358,1024.5,10.5,7.9,,,,,,,,,2.5,2.1,10.7,-.9,,,,,,,,,,,,,,
140,군산,2022-11-08,11.1,6.6,533,17.8,1329,,,,,,,5.8,270,1554,4.5,290,1525,1.5,1271,110,8,55,1043,82.5,10.9,1022.5,1027.2,948,1024.8,405,1025.9,10.5,7.2,,,,,,,,,5.5,4.1,11.8,3.7,,,,,,,,,,,,,,
140,군산,2022-11-09,11.5,8,2347,17.2,1329,,,,,,,4.7,340,1201,3.1,320,1203,.8,704,290,8.1,44,1245,82.3,10.8,1023.1,1028.1,915,1024.9,1514,1026.4,10.5,4.9,,,,,,,,,6.6,4.9,12.9,3.8,,,,,,,,,,,,,,
140,군산,2022-11-10,12.6,6.7,643,20.5,1454,,,,,,,5.3,70,952,3,340,1302,1.1,960,70,6.5,32,1439,69.6,9.7,1021.8,1026.1,841,1023.5,1440,1025.1,10.4,9.2,,,,,,,,,3.5,2.4,12.2,2.4,,,,,,,,,,,,,,
140,군산,2022-11-11,15.5,10.8,6,22.4,1530,,,,,,,5,70,100,2.9,290,1415,1.2,1026,110,7.6,36,1255,61.4,10.4,1022,1027.4,925,1024.1,1518,1025.3,10.4,8.3,,,,,,,,,3,1.5,14.1,7,,,,,,,,,,,,,,
140,군산,2022-11-12,18.1,10.7,433,25.1,1337,,,,,,19,11.6,230,2344,6.9,230,2351,2.7,2356,160,12.9,49,1344,73.4,15.2,1013.8,1024.3,38,1010.9,2331,1017.1,10.4,2.7,,,,,,,,,8.4,4.4,16.1,6.9,,,,,,,,,,,,,,
140,군산,2022-11-13,10.6,8.7,922,18.8,1,,,,,,0,12.9,230,4,8.5,270,232,4.3,3734,290,7.1,66,1253,79.3,10.1,1014,1021.1,2230,1011.1,1,1017.4,10.3,.1,,,,,,,,,9.4,8.8,11.8,6.9,,,,,,,,,,,,,,
140,군산,2022-11-14,9.7,6.5,2400,14,1200,,,,,,,10.2,320,1452,7,270,1431,2.5,2194,290,5.2,60,1704,74.5,9,1016.4,1021.2,300,1018.5,1613,1019.8,10.3,4.4,,,,,,,,,4.3,3.4,10.4,3.4,,,,,,,,,,,,,,
140,군산,2022-11-15,8.9,3.3,637,14.1,1345,,,,,,0,8.6,290,1354,5.1,290,1405,2,1699,140,3.5,43,1427,71,7.9,1015.6,1019.8,22,1017.7,1351,1019,10.3,6.6,,,,,,,,,2.8,1.5,8.3,-.2,,,,,,,,,,,,,,
140,군산,2022-11-16,10,6.2,708,14.5,1455,,,,,,.3,7.3,250,235,4.8,270,1246,1.8,1585,90,5.3,50,1243,74.4,8.9,1018.2,1023.8,2302,1018.6,146,1021.6,10.3,8.5,,,,,,,,,4.6,3,9.9,2.8,,,,,,,,,,,,,,
140,군산,2022-11-17,10.2,4.1,716,16.9,1545,,,,,,,6.5,70,1329,3.4,90,1430,1,903,90,3.3,35,1607,65.1,7.8,1021.2,1026,2204,1023,1501,1024.6,10.2,9.1,,,,,,,,,2.8,2.8,9.5,1.4,,,,,,,,,,,,,,
140,군산,2022-11-18,12.2,6.6,343,19.3,1459,,,,,,,7.6,70,835,3.3,70,802,1.6,1410,90,.6,22,1500,48.4,6.5,1022.6,1027.9,903,1024.4,1506,1026,10.2,9.5,,,,,,,,,0,0,9.6,2.9,,,,,,,,,,,,,,
140,군산,2022-11-19,13.4,9,609,19.9,1544,,,,,,,8.2,70,521,3.7,70,528,1.6,1404,70,2.1,24,1542,47.9,7.2,1019.1,1025.2,214,1019.9,1525,1022.5,10.2,8.3,,,,,,,,,4.4,3.9,10.4,5,,,,,,,,,,,,,,
140,군산,2022-11-20,13.4,8.7,2331,19.2,1437,,,,,,,5.3,270,1505,4,290,1505,1.1,967,230,7.2,43,1306,68.3,10.2,1017.1,1021.6,916,1018.7,1451,1020.4,10.2,4.7,,,,,,,,,5,4.5,12.3,4.1,,,,,,,,,,,,,,
140,군산,2022-11-21,11,6.5,653,18.2,1436,,,,,,,6.1,270,1446,4.4,270,1450,1.1,922,270,7.7,42,1419,81.4,10.6,1019,1023.8,940,1020.9,359,1022.3,10.1,6.6,,,,,,,,,4.4,2,10.3,2.1,,,,,,,,,,,,,,
140,군산,2022-11-22,11.6,9.4,43,13.9,1302,,,,,,.5,5.5,70,511,3.3,290,1014,1.3,1082,70,7.8,61,1123,78.5,10.6,1017.4,1023.7,1,1017.7,2343,1020.8,10.1,0,,,,,,,,,9.8,8,10.3,7.1,,,,,,,,,,,,,,
140,군산,2022-11-23,10.4,5.9,2357,15.2,1204,,,,,,0,9.8,250,1439,7,290,1421,2.1,1808,290,5.5,54,1534,73,9.2,1015.5,1021.2,2332,1017.2,434,1018.8,10.1,7.6,,,,,,,,,3.8,2,10.7,.8,,,,,,,,,,,,,,
140,군산,2022-11-24,8.7,4.8,328,15.8,1527,,,,,,,5.4,320,1220,3.4,320,1220,1.1,934,110,4.2,42,1346,75.5,8.3,1018.9,1023.7,2338,1020.6,1420,1022.3,10.1,5.4,,,,,,,,,5,3.8,8.6,.7,,,,,,,,,,,,,,
140,군산,2022-11-25,10.3,3.2,626,18.3,1450,,,,,,,6.7,160,1544,4.2,180,1624,1.2,1050,110,4.7,30,1444,73.4,8.7,1016,1023.7,1,1016.3,1628,1019.4,10,7.9,,,,,,,,,3.9,2.9,8.5,-1.7,,,,,,,,,,,,,,
146,전주,2022-10-27,14.2,8.4,707,20.6,1459,,,,,,,7.6,320,1450,4.3,340,1515,1.3,1081,110,6.5,33,1301,62.3,9.8,1018.3,1026.9,925,1023.3,1448,1025.5,10.9,9.9,1200,2.3,14.87,,,,,,1.5,.8,15,3.6,,,,,,,,,,2.7,3.9,,{박무}2220-2330.,
146,전주,2022-10-28,13.3,8,633,20.1,1445,,,,,,,4.2,270,1450,2.2,250,1438,1.1,950,110,7.6,39,1535,70.9,10.5,1018.6,1027.1,834,1023.9,1647,1025.9,10.9,9.4,1200,2.28,14.64,,,,,,1,1,14.5,3,,,,,,,,,,2.5,3.6,,{박무}0120-{박무}{강도0}0300-{박무}{강도0}0600-{박무}{강도0}0900-1010. {연무}1005-1110. {연무}1840-{연무}{강도0}2100-2245. {박무}2240- {박무}{강도0}2400-,
146,전주,2022-10-29,14.6,9.4,341,20.9,1422,,,,,,,4.3,290,1742,2.2,290,1746,1.1,954,110,7.4,34,1425,64.6,10.3,1018.5,1027.4,854,1024.1,1528,1025.7,10.8,8,1100,2.23,12.8,,,,,,3.4,0,14.8,4.2,,,,,,,,,,2.2,3.1,,-{박무}-{박무}{강도0}0300-0540. {박무}1825-{박무}{강도0}2100-{박무}{강도0}2400-,
146,전주,2022-10-30,15.1,9.4,553,21.1,1356,,,,,,,5,360,1418,2.6,360,1423,1.1,911,110,7.4,40,1350,62,10.3,1017.6,1026.6,817,1022.9,1519,1024.8,10.8,9.6,1200,2.28,14.34,,,,,,1.5,1.5,15.6,4.9,,,,,,,,,,2.6,3.7,,-{박무}-{박무}{강도0}0300-{박무}{강도0}0600-0640.,
146,전주,2022-10-31,14.6,11.2,511,20.7,1434,,,,,,,6.6,290,1651,3.3,290,1653,1.3,1138,110,7.7,38,1430,65,10.5,1016.7,1025.5,657,1022,1528,1024,10.8,8.3,1200,2.27,13.95,,,,,,2.3,.8,15.9,6.4,,,,,,,,,,2.5,3.6,,,
146,전주,2022-11-01,13.9,9.5,547,19.5,1433,,,,,,,6.2,290,1418,3.3,270,1642,1.4,1168,290,9.5,52,1312,76.1,11.9,1014.9,1023.8,203,1020.4,1542,1022.2,10.7,8.4,1200,2.13,12.9,,,,,,1.8,1.8,15.3,5.2,,,,,,,,,,2,2.8,,{박무}0150-{박무}{강도0}0300-{박무}{강도0}0600-{박무}{강도2}0900-1155. {연무}1150-{연무}{강도0}1200-{연무}{강도0}1500-1715. {박무}1710-{박무}{강도0}1800-{박무}{강도1}2100-{박무}{강도1}2400-,
146,전주,2022-11-02,12.3,8.3,2346,18.9,1417,,,,,,,5.1,320,1446,2.8,270,1429,1.2,1019,320,5.4,20,1519,67.4,9.1,1013.7,1023.3,852,1019.4,1606,1021,10.7,8.9,1200,2.32,14.49,,,,,,2.5,2.5,14.8,2.9,,,,,,,,,,2.5,3.5,,-{안개}-{시정(미만)}{1km}{안개}0030-{시정(미만)}{0.5km}{안개}0055-{시정(이상)}{0.5km}{안개}0123-{안개}{강도1}0300-{시정(미만)}{0.5km}{안개}0350-{시정(미만)}{0.2km}{안개}0410-{시정(미만)}{0.1km}{안개}0445-{시정(이상)}{0.1km}{안개}0517-{시정(이상)}{0.5km}{안개}0527-{시정(이상)}{1km}{박무}0556-{박무}{강도2}0600-{박무}{강도2}0900-1155. {연무}1150-{연무}{강도0}1200-1315.,5.43
146,전주,2022-11-03,10.9,5.6,438,17.4,1428,,,,,,,6.3,320,1433,3,320,1441,1.4,1221,290,3.4,27,1434,63.3,7.8,1012.5,1021.5,2304,1018.3,1323,1019.9,10.7,5.9,1200,2.01,11.23,,,,,,4.1,2.1,12.7,.9,,,,,,,,,,2.3,3.2,,{채운}1653-1656.,
146,전주,2022-11-04,7.2,4.1,701,11.7,1349,,,,,,,8.5,320,1532,4.6,340,1506,2.1,1832,340,-3.2,22,1519,49.9,4.9,1016.4,1025.8,2353,1021.4,1,1023.8,10.6,9.8,1200,2.33,14.8,,,,,,1.8,.3,10.6,-1.7,,,,,,,,,,2.7,3.9,,,
146,전주,2022-11-05,7.5,.8,649,13.9,1317,,,,,,,6.3,340,1415,3.3,340,1206,1.5,1320,140,-.9,32,1003,57,5.8,1018.6,1027.6,852,1024.4,1456,1026.1,10.6,9.8,1200,2.31,14.74,,,,,,0,0,9.7,-3.9,,,,,,,,,,2.3,3.3,,,
146,전주,2022-11-06,9.3,3.2,621,16.2,1301,,,,,,,5,290,1807,2.8,320,1334,1.4,1201,110,2.6,42,1414,65,7.4,1017.7,1027,836,1022.8,1646,1025.1,10.6,8.6,1100,1.89,12.15,,,,,,2.5,1.6,10.4,-.6,,,,,,,,,,1.9,2.7,,,
146,전주,2022-11-07,10.8,4.8,639,18.6,1451,,,,,,,4.9,250,1728,3.1,270,1735,1.1,993,140,2.9,28,1417,61.8,7.6,1016.3,1025.1,935,1021,1436,1023.6,10.5,9.4,1200,2.11,13,,,,,,2,1.8,11.7,.1,,,,,,,,,,2.6,3.7,,{박무}0101-{박무}{강도0}0300-{박무}{강도0}0600-0656.,
146,전주,2022-11-08,12,6.4,338,18.4,1502,,,,,,,4.5,250,1737,2.9,270,1728,1.3,1115,140,5.4,41,1433,65.4,9.1,1017.8,1026.4,931,1023.8,1453,1025.2,10.5,7,1200,2.1,11.62,,,,,,2.4,2.4,12.8,1.4,,,,,,,,,,1.9,2.8,,{박무}1945-{박무}{강도0}2100-{박무}{강도0}2400-,
146,전주,2022-11-09,12.2,9,753,17.8,1441,,,,,,,3.6,340,1337,2.2,360,1346,1.1,962,140,5.5,37,1245,66,9.1,1018.4,1027.5,853,1024,1510,1025.8,10.5,6.5,1200,2.07,11.95,,,,,,6.9,3.4,13.8,3.6,,,,,,,,,,2.1,2.9,,-{박무}-{박무}{강도0}0300-{박무}{강도1}0600-{박무}{강도1}0900-1008. {연무}1005-{연무}{강도0}1200-1220. {연무}1820-1910. {연무}2250-{연무}{강도0}2400-,
146,전주,2022-11-10,13.6,6.9,701,21,1355,,,,,,,5,320,1612,2.9,320,1614,1.2,1003,110,3.9,30,1259,54.6,8.1,1017,1025.7,907,1022.3,1431,1024.3,10.4,9.3,1200,2.07,12.65,,,,,,1.1,0,13,1.4,,,,,,,,,,2.5,3.6,,-{연무}-{연무}{강도0}0300-{연무}{강도0}0600-0750. {연무}1835-{연무}{강도0}2100-2130.,
146,전주,2022-11-11,16,9.4,459,24.1,1354,,,,,,,3.9,250,1552,1.9,140,310,1,886,140,6.5,34,1245,55.4,9.7,1017.4,1026.6,921,1023.1,1518,1024.6,10.4,7.8,1200,2.05,11.71,,,,,,2.1,2.1,14.4,4.2,,,,,,,,,,2.4,3.4,,,
146,전주,2022-11-12,19.2,12.9,327,24.9,1403,3.38,,,,,4.9,8.2,160,1523,3.6,160,1611,1.9,1678,160,12.9,48,1017,68,15.1,1009.5,1023.8,1,1010.1,2334,1016.6,10.4,3.7,1000,1.52,8.3,,,,,,7.1,5.1,16.5,7.3,,,,,,,,,,1.9,2.8,14.2,{연무}0250-{연무}{강도0}0300-0310. {비}1750-1758. {비}1815-1820. {비}1940-1955. {비}2105-{비}{강도1}2400-,
146,전주,2022-11-13,11.1,9.2,2325,19,45,4.08,,,,,9.3,8.5,270,310,4.8,270,440,2.5,2183,250,7.5,63,1516,79.1,10.5,1009.3,1020.3,2239,1010.2,45,1016.6,10.4,.4,1400,.85,3.2,,,,,,8.5,6,13.9,7.3,,,,,,,,,,.8,1.1,,-{비}-0120. {비}0205-{비}{강도0}0300-0330. {비}0350-0355. {비}0430-0445. {비}0610-0645. {비}0710-0725. {비}0840-0850.,
146,전주,2022-11-14,10.4,8.1,2400,15.5,1344,,,,,,,7.3,250,1415,4.6,270,1422,1.6,1416,230,5,55,1345,70,8.8,1011.8,1020.5,920,1017.2,1447,1019.1,10.3,4.2,1300,1.81,8.54,,,,,,7,6.8,12.4,5.1,,,,,,,,,,1.6,2.2,,,
146,전주,2022-11-15,9,4.3,609,14.2,1350,,,,,,,6.4,270,1511,3.9,270,1619,1.5,1326,140,3.2,46,1412,68,7.7,1011,1019.3,2119,1016.8,1405,1018.4,10.3,6.9,1300,1.52,9.87,,,,,,4.1,4.1,9.9,.4,,,,,,,,,,1.5,2.2,.2,,
146,전주,2022-11-16,10.7,7,645,15.4,1423,1.03,,,,,.2,7.2,340,315,3.5,250,1245,1.4,1198,140,4.7,44,1325,68.6,8.6,1013.5,1023.2,2318,1017.9,300,1020.8,10.3,7.6,1200,1.86,10.78,,,,,,4.8,3.3,11.1,2.6,,,,,,,,,,1.7,2.4,,{비}0303-0405. {박무}0315-{박무}{강도1}0600-{박무}{강도0}0900-1030.,
146,전주,2022-11-17,10.3,5.1,705,17.8,1516,,,,,,,4,340,1340,2.2,360,1223,1.1,983,140,2.4,31,1617,61,7.3,1016.4,1025.5,2324,1021.8,1518,1023.8,10.2,9.3,1200,2.05,12.16,,,,,,2,0,10.4,.8,,,,,,,,,,2.1,3,,,
146,전주,2022-11-18,11.4,4.7,725,20.4,1417,,,,,,,4.8,340,1412,2.8,340,1458,1.1,983,140,1.1,21,1428,53.1,6.6,1017.8,1027.2,841,1023,1501,1025.2,10.2,9.4,1200,2.06,12.63,,,,,,0,0,9.8,-1,,,,,,,,,,,,,,
146,전주,2022-11-19,12.7,5.7,508,20.1,1312,,,,,,,3.4,360,1405,2.1,360,1515,1.1,963,140,2.1,24,1423,51,7.1,1014.5,1024.7,213,1018.7,1458,1021.8,10.2,7.2,1200,2.09,10.73,,,,,,5,2.8,10.5,-.2,,,,,,,,,,2.2,3.1,0,,
146,전주,2022-11-20,14.1,10.6,2349,19.6,1240,.08,,,,,0,4.6,320,1415,2.3,290,1444,1,832,140,5.7,41,1249,58,9.2,1012.3,1020.9,927,1017.7,1353,1019.6,10.2,6.2,1200,1.49,8.72,,,,,,5,4.5,12.4,4.4,,,,,,,,,,1.6,2.3,,{비}0305-0310.,
146,전주,2022-11-21,12.7,7.2,713,19.1,1456,,,,,,,4.7,250,1708,2.5,270,1650,1.1,910,140,5.6,33,1539,64.1,9.1,1014.3,1023.1,928,1019.7,1453,1021.6,10.1,6.9,1300,1.5,8.58,,,,,,5.1,0,11.2,2.2,,,,,,,,,,1.5,2.2,,,
146,전주,2022-11-22,12.3,9.8,626,15.7,1412,7.87,,,,,.8,2.7,340,1522,1.6,50,1954,.7,610,140,7.7,56,1135,75.3,10.6,1012.6,1023.1,28,1016.7,2357,1019.9,10.1,0,1000,.62,3.06,,,,,,9.8,5.5,11.9,7.1,,,,,,,,,,.7,1,.9,{연무}0630-{연무}{강도0}0900-0950. {연무}1230-{연무}{강도0}1500-1630. {비}1325-1445. {비}1505-1730. {박무}1625-{박무}{강도1}1800-{박무}{강도1}2100-{박무}{강도2}2400- {비}1805-2005. {비}2105-2245. {비}2303-2318. {비}2348-{비}{강도0}2400-,
146,전주,2022-11-23,11.1,6.8,2351,16.2,1406,4.17,,,,,.1,7,250,1507,4.4,270,1508,1.3,1085,270,6.6,53,1409,75.1,9.8,1010.6,1020.5,2349,1016.4,438,1017.9,10.1,7.2,1200,1.76,9.43,,,,,,4.1,1.4,11.9,1.2,,,,,,,,,,1.5,2.1,,-{비}-{비}{강도0}0300-0410. -{박무}-{박무}{강도1}0300-{박무}{강도2}0600-{박무}{강도1}0900-1110. {연무}1105-{연무}{강도0}1200-{연무}{강도0}1500-1505.,
146,전주,2022-11-24,9,5.3,302,16,1510,,,,,,,3.1,340,1657,2.1,340,1706,.8,726,140,2.7,39,1536,66.8,7.4,1014.1,1023.1,2348,1019.7,1427,1021.5,10.1,4.5,1300,1.82,8.37,,,,,,4.1,0,9.7,.3,,,,,,,,,,1.5,2.1,,,
146,전주,2022-11-25,11.7,4.9,405,19.2,1415,,,,,,,7,250,1452,3.8,250,1453,1.6,1380,140,.8,24,1417,51.5,6.5,1011.4,1023.1,1,1015.7,1544,1018.7,10,8.7,1200,1.68,9.75,,,,,,3.8,.8,9.1,-.4,,,,,,,,,,,,,,
146,전주,2022-11-26,,,,,,,,,,,,,,,,,,,,,,,,,,,,,,,,,,,,,,,,,,,,,,,,,,,,,,,,,,{비}0422-0520.  {박무}0451-0550.,
172,고창,2022-10-27,12.6,7,700,19.9,1446,,,,,,,9.6,20,1502,6.5,20,1507,2.5,2174,360,5.9,28,1427,68.3,9.4,1019.4,1026.7,839,1023.5,1420,1025.7,10.9,9.8,1200,2.5,16.32,,,,,,2.9,0,12.9,2,,,,,,,,,,3.3,4.7,,,
172,고창,2022-10-28,11.4,5.4,553,19.7,1319,,,,,,,7.2,270,1412,5.3,250,1414,1.7,1511,90,8.2,50,1227,82.9,10.9,1019.6,1027,837,1024.3,1554,1025.9,10.9,9.2,1200,2.48,15.7,,,,,,3.1,1.1,12.6,2.4,,,,,,,,,,2.5,3.5,,,
172,고창,2022-10-29,11.8,4.2,720,21.5,1423,,,,,,,5.8,340,1425,4.1,340,1538,1.2,1040,70,7.7,32,1410,79.8,10.6,1019.4,1027.3,823,1024.1,1454,1025.8,10.8,7.3,1300,2.16,13.24,,,,,,5.6,.9,12.6,2.3,,,,,,,,,,2.1,3.1,,,
172,고창,2022-10-30,13,6.5,544,22.5,1502,,,,,,,6.7,290,1545,5.5,270,1551,1.2,1066,20,8,37,1505,76,10.8,1018.6,1026.4,814,1022.7,1453,1024.9,10.8,9.3,1200,2.41,14.85,,,,,,4,.1,13.5,2.5,,,,,,,,,,2.6,3.8,,,
172,고창,2022-10-31,12.6,7.8,351,20.5,1404,,,,,,,7.7,290,1426,5.6,290,1428,1.7,1444,290,8.2,42,1303,77.4,10.9,1017.7,1025.5,824,1022.2,1448,1024.1,10.8,8,1200,2.55,14.08,,,,,,3.3,.8,13.7,3.4,,,,,,,,,,2.4,3.5,,,
172,고창,2022-11-01,11.8,5.9,521,19.5,1358,,,,,,,8.4,20,1149,6.1,50,1205,2.2,1907,90,8.6,52,1340,83.1,11.3,1016,1023.9,145,1020.5,1417,1022.4,10.7,8.2,1200,2.35,13.54,,,,,,4.8,.5,12.9,2,,,,,,,,,,2.2,3.2,,,
172,고창,2022-11-02,9.4,3.5,651,19.3,1357,,,,,,0,8.3,270,1449,6.3,270,1449,1.9,1624,70,4,23,1334,74,8.1,1014.7,1023.1,814,1019.5,1405,1021.1,10.7,7.9,1200,2.55,15.13,,,,,,3.8,1.5,11.5,-1.8,,,,,,,,,,2.7,3.8,,,
172,고창,2022-11-03,10,1.9,646,18.2,1423,,,,,,,8.8,20,1141,6.3,360,1323,2.6,2279,320,2.2,22,1330,65.3,7.3,1013.6,1021.9,2306,1018.3,1441,1020,10.7,8.8,1200,2.37,14.56,,,,,,4.1,0,10.3,-2.7,,,,,,,,,,3.8,5.5,,,
172,고창,2022-11-04,7.6,3.7,2135,10.9,1507,,,,,,,12.7,340,1045,8.2,290,1256,4.4,3767,320,-1.6,34,1437,53.3,5.5,1017.5,1025.9,2201,1021.7,111,1024,10.6,8,1200,2.54,15.22,,,,,,5.6,.8,9.3,-1.8,,,,,,,,,,3,4.4,,,
172,고창,2022-11-05,7.3,1.7,712,14.3,1325,,,,,,,11.2,270,1434,7.1,290,1438,3,2576,20,-1.2,30,1352,57.4,5.7,1019.6,1027.3,839,1024.6,1432,1026.1,10.6,9.8,1200,2.51,16.19,,,,,,0,0,7.9,-3.8,,,,,,,,,,2.8,4,,,
172,고창,2022-11-06,7.8,.8,318,16,1159,,,,,,,9.1,340,1451,5.7,290,1505,1.6,1353,290,2.3,40,1521,71.6,7.2,1018.8,1027.1,838,1023,1707,1025.3,10.6,8,1100,2.28,13.65,,,,,,4.9,.4,8.5,-4.4,,,,,,,,,,2.1,3.1,,,
172,고창,2022-11-07,8.2,1,724,18.6,1438,,,,,,,7,270,1506,5.6,270,1513,1.5,1281,70,2.2,32,1442,70.9,7.2,1017.4,1025.2,906,1021.5,1432,1023.9,10.6,9.3,1200,1.99,13.49,,,,,,.9,0,8.9,-2.8,,,,,,,,,,2.4,3.4,,,
172,고창,2022-11-08,10.4,2.8,533,18.9,1313,,,,,,,5.7,270,1439,4.6,270,1614,1.4,1236,290,6.8,47,1319,80.9,10,1019,1026.5,910,1024.1,1408,1025.4,10.5,8.2,1200,2.31,12.83,,,,,,4.4,.3,10.1,-1.4,,,,,,,,,,2,2.9,,,
172,고창,2022-11-09,10.7,3.4,751,19.2,1354,,,,,,,5,360,1247,3.5,20,1233,1.2,997,20,3.8,26,1348,68.5,8.1,1019.2,1027.3,742,1023.8,1503,1025.6,10.5,8,1200,2.29,13.27,,,,,,5.9,3.4,11.3,2.1,,,,,,,,,,2.3,3.3,,,
172,고창,2022-11-10,13,4.6,356,21.5,1402,,,,,,,7.4,20,1235,4.7,50,1244,1.5,1277,20,4.7,31,1535,60.8,8.6,1017.8,1025.3,2226,1022.1,1435,1024.1,10.5,9.5,1200,2.23,13.59,,,,,,3.8,.8,11.7,.6,,,,,,,,,,2.8,4,,,
172,고창,2022-11-11,15.4,6.8,529,23.9,1502,,,,,,,7.4,110,1112,4.6,110,1125,1.9,1608,140,7.1,35,1216,60.9,10.1,1018.2,1026.2,903,1023,1458,1024.4,10.5,4.7,1100,2.15,10.89,,,,,,3,1.1,13.3,3.7,,,,,,,,,,3.1,4.4,,,
172,고창,2022-11-12,19.6,12.9,100,25.1,1346,,,,,,32.1,12.7,110,1010,8.5,110,1031,4.6,3983,140,13.6,52,1345,69.4,15.8,1010.5,1023.6,1,1011.1,2344,1016.6,10.4,3.6,1300,2.21,9.76,,,,,,8.1,1.6,16.5,9.3,,,,,,,,,,2.7,3.8,,,
172,고창,2022-11-13,10.5,8.3,2357,19.4,21,,,,,,13.2,15.4,250,41,8.6,230,43,3.9,3368,290,6.7,68,1435,77.9,9.9,1010.9,1020.3,2236,1011,2,1017.3,10.4,0,1300,.39,1.88,,,,,,9,5.8,11.3,6.6,,,,,,,,,,.8,1.2,,,
172,고창,2022-11-14,9.2,6,307,14.1,1150,,,,,,,8.9,290,1334,6.8,290,1350,2.1,1835,290,4.7,59,1643,75,8.6,1013,1020.8,854,1018.1,1514,1019.4,10.4,4.6,1000,2.06,10.68,,,,,,6.9,3.4,9.3,2.7,,,,,,,,,,1.7,2.4,,,
172,고창,2022-11-15,8.4,3.2,557,14.3,1253,,,,,,,7.9,270,1244,5.7,270,1250,1.9,1621,270,3.3,44,1419,72.6,7.8,1012.3,1020,2159,1017.3,1423,1018.8,10.3,7.8,1100,2.21,12.05,,,,,,1.1,.1,7.6,-1.2,,,,,,,,,,1.9,2.7,,,
172,고창,2022-11-16,9.8,4.2,2354,15.5,1351,,,,,,1.5,14.2,340,432,5.3,270,1035,2.3,1984,180,3.8,24,1510,69.9,8.2,1014.8,1023.4,2008,1018.6,414,1021.2,10.3,8.3,1300,2.11,12.49,,,,,,3.9,.5,9,.5,,,,,,,,,,2.2,3.1,,,
172,고창,2022-11-17,10,4.3,1,16.9,1419,,,,,,,7.2,20,1255,5,360,1302,1.9,1636,90,2.3,27,1316,62.9,7.2,1017.1,1025.4,2229,1021.8,1412,1023.6,10.3,9,1200,2.21,13.22,,,,,,3.3,.3,8.6,.6,,,,,,,,,,2.5,3.6,,,
172,고창,2022-11-18,9.4,2.1,659,18.2,1358,,,,,,,5.2,360,1449,3.9,360,1516,1.5,1265,70,2.3,34,1254,64.9,7.2,1018.7,1026.8,833,1023.2,1447,1025.1,10.3,9.5,1200,2.24,14.21,,,,,,.1,0,7.5,-2.6,,,,,,,,,,,,,,
172,고창,2022-11-19,11.2,2.8,628,20.9,1412,,,,,,,4.8,340,1500,3.4,340,1510,1.2,1041,70,3.3,27,1348,62,7.8,1015.3,1024.6,6,1018.5,1501,1021.7,10.2,7.2,1200,2.19,11.65,,,,,,6.1,1.5,9.1,-1.7,,,,,,,,,,2.3,3.3,,,
172,고창,2022-11-20,12.1,7.3,2341,18.7,1324,,,,,,0,3.7,340,1304,2.6,90,2121,1.1,917,320,7.1,48,1337,72.9,10.1,1013.4,1021.2,2358,1018.1,1423,1019.7,10.2,1.9,1100,1.25,6.41,,,,,,6.4,2.3,10.6,2.7,,,,,,,,,,1.2,1.7,,,
172,고창,2022-11-21,10.1,4.6,636,18.1,1541,,,,,,,4.6,340,1714,3.4,340,1712,.9,813,90,6,43,1523,78,9.4,1015.2,1023.1,920,1020.1,1500,1021.6,10.2,1.9,1100,1.04,7.48,,,,,,6.6,.5,9.3,.7,,,,,,,,,,1.3,1.8,,,
172,고창,2022-11-22,11.3,8.7,3,14.6,1354,,,,,,2.6,5.5,50,1754,4.6,50,1757,1.7,1510,50,8.2,62,1407,81.6,10.9,1013.4,1022.7,128,1016.5,2329,1019.7,10.2,0,1300,.75,3.14,,,,,,10,.3,10.4,6.8,,,,,,,,,,.7,1,,,
172,고창,2022-11-23,9.4,3.8,2320,14.9,1315,,,,,,.5,9.5,340,1546,6.1,290,1438,2.1,1839,290,5.4,42,1546,77.6,9.2,1011.9,1020.6,2307,1016.6,431,1018.3,10.1,6.6,1300,1.93,10.13,,,,,,5.3,.9,9.5,-1.2,,,,,,,,,,1.7,2.5,,,
172,고창,2022-11-24,7.9,3,112,15.7,1530,,,,,,,7.9,20,1142,6.1,20,1146,1.8,1550,70,3.2,39,1540,75.3,7.7,1015.1,1023.1,2318,1019.7,1422,1021.5,10.1,6.1,1300,1.92,10.33,,,,,,5,.1,7.8,-1,,,,,,,,,,1.7,2.4,,,
172,고창,2022-11-25,10.1,1.1,710,18,1321,,,,,,,7.6,180,1558,4.8,200,1418,2,1697,140,3.6,27,1229,69.4,8,1012.5,1023,1,1015.9,1706,1018.9,10.1,8.1,1100,2.08,11.12,,,,,,3.5,0,7.1,-2.5,,,,,,,,,,,,,,
243,부안,2022-10-27,13.3,7.6,648,20.2,1323,,,,,,,7.3,290,1527,4.1,290,1543,1,843,290,8.3,32,1241,74.9,11,1024.3,1026.9,920,1024.1,1455,1025.8,10.9,9.9,,,,,,,,,2.6,0,15.1,3.5,,,,,,,,,,,,,,
243,부안,2022-10-28,12,7.8,436,18.6,1319,,,,,,,4.8,290,1352,2.7,320,1357,.9,765,320,9.4,48,1312,85.9,11.8,1024.4,1027.2,915,1024.5,1641,1025.9,10.9,7.3,,,,,,,,,3.4,,15,4.3,,,,,,,,,,,,,,
243,부안,2022-10-29,12.8,6,722,21.1,1310,,,,,,,5.1,290,1444,3.2,290,1445,.7,595,290,9.3,45,1310,81.8,11.8,1024.3,1027.4,906,1024.5,1524,1025.8,10.8,7.8,,,,,,,,,4.8,.1,14.4,2.9,,,,,,,,,,,,,,
243,부안,2022-10-30,14,7.4,647,21.2,1450,,,,,,,4.5,50,1451,2.7,50,1459,.7,594,320,8.9,38,1537,74.9,11.5,1023.4,1026.5,834,1023.1,1456,1024.9,10.8,9.4,,,,,,,,,4.3,.9,15.7,3.7,,,,,,,,,,,,,,
243,부안,2022-10-31,13.4,9.1,512,20.4,1331,,,,,,,6.3,290,1511,3.7,290,1438,.9,747,290,9.4,45,1332,79.3,11.8,1022.5,1025.5,909,1022.6,1418,1024,10.8,8.4,,,,,,,,,4.4,1,15.3,6,,,,,,,,,,,,,,
243,부안,2022-11-01,12.8,8.2,539,18.9,1329,,,,,,,5.9,270,1526,3.4,290,1553,1,825,290,10.5,58,1301,87.6,12.7,1020.8,1023.8,909,1021,1533,1022.3,10.7,5.6,,,,,,,,,4.5,1.8,15.2,5.3,,,,,,,,,,,,,,
243,부안,2022-11-02,10,5.3,528,18.3,1400,,,,,,,6.4,290,1451,3.6,290,1433,.9,750,50,6.2,33,1347,80.6,9.5,1019.6,1023.3,832,1019.2,2352,1021.1,10.7,6.8,,,,,,,,,5,2.5,13.5,1.8,,,,,,,,,,,,,,
243,부안,2022-11-03,10.4,3.7,616,17.9,1340,,,,,,,7.1,320,2216,3,320,2211,1,883,320,4.3,33,1343,69.9,8.4,1018.5,1021.7,2312,1018.8,1325,1020,10.7,5.8,,,,,,,,,5.3,1.5,12.7,-.3,,,,,,,,,,,,,,
243,부안,2022-11-04,7.7,2.9,2400,11.6,1449,,,,,,,9.6,290,1054,4.3,320,1519,1.8,1535,320,-1.2,29,1503,55.4,5.7,1022.4,1025.6,2307,1021.5,1,1023.9,10.6,9.6,,,,,,,,,2.3,.8,11.7,-1.3,,,,,,,,,,,,,,
243,부안,2022-11-05,7.2,1.1,632,14,1402,,,,,,,7.8,290,1532,4,290,1442,.9,744,290,.3,32,945,63.8,6.3,1024.5,1027.4,923,1024.9,1429,1026,10.6,9.8,,,,,,,,,.5,0,10.1,-3.2,,,,,,,,,,,,,,
243,부안,2022-11-06,9.3,3.5,227,16.6,1250,,,,,,,5.9,340,1436,2.9,320,1423,.7,593,290,3.3,40,1518,68.9,7.8,1023.5,1026.8,851,1023.1,1656,1025,10.6,7,,,,,,,,,5.6,1.9,11.2,-.6,,,,,,,,,,,,,,
243,부안,2022-11-07,9.8,3.1,655,17.9,1446,,,,,,,5.7,290,1505,3.4,270,1505,.7,631,320,4,25,1451,70.1,8.1,1022.2,1025.1,858,1021.5,1410,1023.6,10.5,9.1,,,,,,,,,2.5,.9,11.7,-.4,,,,,,,,,,,,,,
243,부안,2022-11-08,10.9,5.9,259,18.3,1417,,,,,,,5.2,270,1601,3,290,1603,.7,643,290,7.2,54,1341,80,10.3,1023.6,1026.4,1008,1024.1,52,1025.1,10.5,6.6,,,,,,,,,6.3,2.6,12.7,2.1,,,,,,,,,,,,,,
243,부안,2022-11-09,11.2,6.3,755,18.1,1348,,,,,,,3.9,50,1316,2.3,70,1318,.6,488,110,7.4,40,1445,81.3,10.3,1024.1,1027.4,933,1024.1,1509,1025.6,10.5,7,,,,,,,,,7,2.9,13.1,2.5,,,,,,,,,,,,,,
243,부안,2022-11-10,12.5,4.9,555,21.2,1420,,,,,,,4.5,50,1328,2.6,20,1530,.8,665,70,5.9,29,1329,69,9.3,1022.8,1025.5,844,1022.6,1434,1024.3,10.4,9.2,,,,,,,,,2.5,.3,13.4,1.6,,,,,,,,,,,,,,
243,부안,2022-11-11,14.2,7.2,705,23.3,1405,,,,,,,4.4,320,1628,2.3,290,1630,.6,516,70,7.8,38,1407,69,10.6,1023.1,1026.6,923,1023.2,1515,1024.6,10.4,6.7,,,,,,,,,4.3,1.8,14.3,4.4,,,,,,,,,,,,,,
243,부안,2022-11-12,18.7,11,329,24.4,1406,,,,,,10.3,9.6,200,2022,5.6,180,2029,2.5,2153,180,13.5,55,1057,73.5,15.9,1014.9,1023.5,1,1010.5,2337,1016.3,10.4,3.2,,,,,,,,,8.4,4.4,16.6,7,,,,,,,,,,,,,,
243,부안,2022-11-13,10.8,8.6,2334,20.1,1,,,,,,1.3,12.9,290,38,6.3,270,34,2.3,2028,290,7.6,68,1352,80.9,10.5,1015.3,1020.1,2201,1010.5,18,1016.8,10.4,0,,,,,,,,,9.1,7.9,12.3,7.1,,,,,,,,,,,,,,
243,부안,2022-11-14,10,7,157,14.5,1227,,,,,,,8.5,290,1237,4,290,1318,1.2,1043,290,5.7,62,1418,76.3,9.2,1017.7,1020.5,909,1017.8,1618,1019.2,10.3,3.7,,,,,,,,,7.9,6.5,10.9,4,,,,,,,,,,,,,,
243,부안,2022-11-15,9.2,4,704,14.9,1418,,,,,,,6.6,290,1427,3.4,270,1412,.9,787,270,4.2,45,1426,72.6,8.2,1016.8,1019.1,2118,1017.1,1351,1018.3,10.3,6.8,,,,,,,,,3.4,1.4,9.3,.4,,,,,,,,,,,,,,
243,부안,2022-11-16,10.4,7,715,15.1,1216,,,,,,1.5,7,290,313,3.5,290,316,1,896,290,5.4,38,1413,74.8,9.1,1019.4,1023,2249,1018.1,212,1020.9,10.3,8.4,,,,,,,,,5,.8,10.8,2.8,,,,,,,,,,,,,,
243,부안,2022-11-17,9.6,3.9,713,16.8,1411,,,,,,,6.9,50,1348,3.2,50,1236,.8,726,50,4.4,38,1549,74.3,8.4,1022.2,1025.2,2219,1022.2,48,1023.7,10.2,8.3,,,,,,,,,4.1,.3,9.9,.5,,,,,,,,,,,,,,
243,부안,2022-11-18,9.4,2.6,710,19.4,1437,,,,,,,5.8,50,1518,3.4,20,1455,.8,681,50,2.6,25,1453,67.3,7.4,1023.7,1027.1,929,1023.5,1458,1025.2,10.2,8.8,,,,,,,,,1.6,0,9.3,-1.4,,,,,,,,,,,,,,
243,부안,2022-11-19,11,2.6,703,20.1,1432,,,,,,,4.5,90,1436,2.2,110,1425,.6,523,360,2.6,25,1512,60.6,7.4,1020.2,1024.4,10,1018.9,1521,1021.7,10.2,7,,,,,,,,,4.4,2.3,10.5,0,,,,,,,,,,,,,,
243,부안,2022-11-20,12.7,8.6,727,19.2,1517,,,,,,0,4.2,340,1547,2.4,290,1642,.6,528,290,7,43,1518,70.4,10,1018.1,1020.8,910,1017.9,1440,1019.6,10.2,4,,,,,,,,,5,3.4,11.9,4.2,,,,,,,,,,,,,,
243,부안,2022-11-21,11.1,5.4,607,18,1443,,,,,,,4.8,320,1524,2.8,290,1545,.5,402,290,7.5,43,1512,80.9,10.4,1020.1,1023,940,1019.8,438,1021.6,10.1,3.3,,,,,,,,,6,1.6,10.4,1.9,,,,,,,,,,,,,,
243,부안,2022-11-22,11.5,8.7,214,14.8,1412,,,,,,1,5.7,50,907,3.7,50,914,.6,516,50,8.9,68,1445,84.8,11.4,1018.3,1022.9,18,1016.7,2345,1019.8,10.1,0,,,,,,,,,10,4.1,11.2,6.2,,,,,,,,,,,,,,
243,부안,2022-11-23,10.9,5,2334,15.5,1141,,,,,,.1,8.1,290,1518,4.1,290,1438,1.2,1064,290,6.9,50,1546,78.1,10.1,1016.6,1020.2,2315,1016.4,431,1018.1,10.1,7.5,,,,,,,,,4.6,2.5,11.5,1.7,,,,,,,,,,,,,,
243,부안,2022-11-24,8.6,4.8,702,14.9,1454,,,,,,,3.9,110,1223,2.3,90,1230,.5,419,320,4.6,44,1520,78.3,8.5,1019.9,1022.7,2320,1020,1,1021.4,10.1,5.2,,,,,,,,,4.8,.3,9.7,.5,,,,,,,,,,,,,,
243,부안,2022-11-25,10.8,3.6,510,18.8,1406,,,,,,,6.7,200,1339,4.4,200,1342,1,856,110,4.7,30,1256,70,8.6,1017,1022.7,1,1015.5,1651,1018.5,10.1,7.8,,,,,,,,,4.6,0,9.5,-1.1,,,,,,,,,,,,,,
244,임실,2022-10-27,11.6,4.3,709,20.5,1428,,,,,,,5.6,340,1056,2.8,20,1218,.8,652,320,5.2,33,1243,70.6,8.9,995.5,1026.7,710,1022.2,1416,1025.1,10.9,9.7,,,,,,,,,2.1,.6,12.6,2,,,,,,,,,,,,,,
244,임실,2022-10-28,10.8,4.3,707,21.2,1440,,0,,0,,0,4.7,20,1503,2.2,250,1357,.5,427,250,6.1,28,1329,79,9.5,995.8,1027.5,806,1022.8,1440,1025.5,10.9,8.5,,,,,,,,,.5,,12.4,1.7,,,,,,,,,,,,,,
244,임실,2022-10-29,11,3.4,651,20.4,1450,,,,,,,4,360,1535,1.8,230,1421,.4,368,320,6.1,36,1451,76.8,9.4,996.1,1028.1,808,1023.1,1517,1025.8,10.8,6.2,,,,,,,,,4.6,.8,11.9,2.5,,,,,,,,,,,,,,
244,임실,2022-10-30,11.8,3.9,641,20.7,1353,,,,,,,3.8,180,1248,2.3,140,1333,.6,479,50,6.2,38,1357,73,9.5,995.3,1027.2,753,1022,1448,1024.9,10.8,9.1,,,,,,,,,3.3,2.4,13,1.6,,,,,,,,,,,,,,
244,임실,2022-10-31,12,5.7,611,20,1357,,,,,,,5.2,140,1023,2.7,160,1019,.7,605,290,7,41,1359,75.5,10,994.2,1026.1,650,1020.8,1429,1023.8,10.8,7.7,,,,,,,,,3.5,2.1,13.2,2.8,,,,,,,,,,,,,,
244,임실,2022-11-01,12.4,5.9,236,20,1407,,,,,,,6.5,320,1637,2.6,320,1500,.9,748,320,8.6,45,1421,81,11.3,992.2,1023.9,212,1018.9,1355,1021.6,10.7,7.7,,,,,,,,,5.4,3.8,13.5,3,,,,,,,,,,,,,,
244,임실,2022-11-02,10.2,3.2,2350,20.4,1431,,,,,,,5.4,320,1538,2.8,320,1551,.7,586,20,4.5,24,1317,74.5,8.5,990.8,1023.2,806,1017.7,1418,1020.5,10.7,6.8,,,,,,,,,3.6,3.6,12.5,-.2,,,,,,,,,,,,,,
244,임실,2022-11-03,9.2,.3,546,18.5,1405,,,,,,,6.2,320,1558,2.5,320,1336,.9,759,320,2,28,1307,66.5,7.1,989.6,1020.9,759,1016.5,1306,1019.3,10.7,7,,,,,,,,,,,9.2,-2.4,,,,,,,,,,,,,,
244,임실,2022-11-04,6.1,-.1,2350,11.3,1410,,,,,,,7.2,360,1632,3,340,1557,1.2,1056,320,-3.9,21,1516,53.1,4.7,992.8,1025.9,2350,1020.3,3,1023.1,10.6,8.8,,,,,,,,,3.3,0,8,-2.9,,,,,,,,,,,,,,
244,임실,2022-11-05,4.5,-3.4,644,13.7,1423,,,,,,0,6.7,360,1122,2.7,360,1055,.8,684,320,-2.2,30,1335,66.3,5.2,995.4,1027.7,811,1023.1,1428,1025.9,10.6,9.1,,,,,,,,,0,0,5.8,-5.9,,,,,,,,,,,,,,
244,임실,2022-11-06,5.9,-1.9,620,15.6,1328,,,,,,,5.8,320,1353,2.8,360,1407,.6,497,320,1,37,1430,75,6.6,994.8,1027.8,827,1022.2,1707,1025.1,10.6,8.6,,,,,,,,,2.1,0,7.2,-4.7,,,,,,,,,,,,,,
244,임실,2022-11-07,8,-.3,651,18.6,1423,,,,,,,4.9,360,1528,2.5,270,1355,.5,444,320,-.1,21,1426,65.4,6.1,993.6,1025.6,829,1019.7,1443,1023.6,10.6,8.3,,,,,,,,,1.6,.8,8.2,-3.1,,,,,,,,,,,,,,
244,임실,2022-11-08,8.2,.3,608,18.5,1311,,,,,,,5,340,1241,2.4,290,1705,.6,499,340,2.9,35,1417,73.4,7.6,995.2,1027,846,1022.7,1413,1025.2,10.5,8.2,,,,,,,,,3.5,.1,8.6,-2.3,,,,,,,,,,,,,,
244,임실,2022-11-09,8.7,2.4,208,18.6,1339,,,,,,,4.9,270,1253,2.4,290,1504,.5,394,290,2.4,29,1340,71.5,7.3,995.7,1027.9,805,1022.7,1514,1025.7,10.5,6.6,,,,,,,,,6.1,3.4,9.6,-1.5,,,,,,,,,,,,,,
244,임실,2022-11-10,10.1,1.5,635,21.2,1502,,,,,,,4.3,340,1443,2.3,20,1434,.5,398,320,2.4,23,1340,66,7.3,994.7,1026.3,752,1021,1434,1024.4,10.5,8.2,,,,,,,,,1.6,.8,9.7,-1.3,,,,,,,,,,,,,,
244,임실,2022-11-11,12,3.6,623,21.8,1438,,,,,,,4.9,200,1232,2.8,200,1232,.5,417,140,6.2,38,1432,71.4,9.6,995.4,1027.5,850,1022.7,1432,1025,10.4,4,,,,,,,,,3.3,2.1,11,1.2,,,,,,,,,,,,,,
244,임실,2022-11-12,15.2,6.1,549,21.7,1436,,,,,,21.7,8.7,230,2023,4,200,2024,1.7,1456,180,11.7,55,1213,81.3,14.2,988.2,1024.5,48,1010.1,2348,1017.2,10.4,3.6,,,,,,,,,7.1,3.5,13.4,3.5,,,,,,,,,,,,,,
244,임실,2022-11-13,10,7,2357,17.9,200,,,,,,28.7,9.7,270,223,4.8,290,345,1.6,1381,290,7.6,70,1515,85.8,10.7,986.4,1020.1,2254,1009.8,45,1016,10.4,0,,,,,,,,,9.1,8.6,12.4,6.2,,,,,,,,,,,,,,
244,임실,2022-11-14,8.7,5.3,2052,14.2,1343,,,,,,,8.1,270,1622,3.6,290,1626,1,856,320,5.2,54,1338,80.3,8.9,988.8,1020.1,923,1016.3,1501,1018.5,10.3,2.7,,,,,,,,,5,3.1,10,2.6,,,,,,,,,,,,,,
244,임실,2022-11-15,6,.2,644,13.4,1415,,,,,,,5.9,270,1709,2.8,320,1324,.7,587,320,2,47,1415,78.1,7.1,988.3,1020.1,2207,1016,1409,1018.4,10.3,4.8,,,,,,,,,2.8,1.4,6.6,-2.5,,,,,,,,,,,,,,
244,임실,2022-11-16,7.1,2.8,14,14.4,1433,,,,,,1.6,5.7,270,1411,3.2,270,1520,.7,585,320,3.5,41,1430,80.8,7.8,991,1023.7,2316,1019,311,1021.1,10.3,5,,,,,,,,,5.5,3,8.3,0,,,,,,,,,,,,,,
244,임실,2022-11-17,7.1,1.4,720,17,1516,,,,,,,5,230,1138,2.3,360,1617,.5,420,320,.8,19,1606,73,6.6,993.6,1026.3,2337,1020.8,1503,1023.8,10.3,7.9,,,,,,,,,2.3,1.6,7.9,-1.6,,,,,,,,,,,,,,
244,임실,2022-11-18,7.4,-1.1,639,19.9,1448,,,,,,,3.2,340,1231,1.4,360,1235,.4,314,50,0,20,1405,68,6.2,995.3,1028,757,1022,1455,1025.4,10.2,8.1,,,,,,,,,0,0,6.9,-4.6,,,,,,,,,,,,,,
244,임실,2022-11-19,8.4,-.2,604,18.7,1450,,,,,,,3.8,160,1311,2.6,200,1606,.5,420,200,2.7,34,1341,71.9,7.5,992.2,1025.7,218,1018,1522,1022.1,10.2,5.4,,,,,,,,,5,4,8.2,-3,,,,,,,,,,,,,,
244,임실,2022-11-20,10.7,5.3,2350,17.6,1341,,,,,,0,2.8,270,1654,1.6,270,1656,.4,339,270,6.2,48,1516,75.9,9.5,990.1,1021.3,1,1017,1402,1019.6,10.2,2.6,,,,,,,,,5,5,9.7,1.7,,,,,,,,,,,,,,
244,임실,2022-11-21,8.8,2,629,17.8,1342,,,,,,,3.5,270,1541,1.7,270,1519,.4,312,320,4.6,35,1651,78.1,8.5,991.8,1023.7,839,1018.8,1503,1021.6,10.2,3.5,,,,,,,,,6,2.4,8.4,-.3,,,,,,,,,,,,,,
244,임실,2022-11-22,10.4,6.7,27,14.9,1420,,,,,,1.6,2.8,270,1542,1.2,200,1534,.3,233,50,7.7,58,1241,85.6,10.6,990,1023.2,3,1016.2,2359,1019.6,10.1,0,,,,,,,,,10,7.1,9.9,4.8,,,,,,,,,,,,,,
244,임실,2022-11-23,10.1,2.9,2341,15.7,1430,,,,,,.7,6.6,290,1442,2.7,320,1303,1.1,940,320,7,54,1437,83.3,10.1,987.6,1020.5,2333,1015.6,444,1017.2,10.1,4.5,,,,,,,,,5.8,3.5,10.7,-.6,,,,,,,,,,,,,,
244,임실,2022-11-24,6.3,2,2359,15.9,1502,,,,,,,4,270,518,2.1,360,1444,.5,430,250,2.1,29,1428,78.9,7.1,991.2,1023.8,2346,1018.5,1423,1021.3,10.1,4,,,,,,,,,4.4,1.6,7.5,-1.7,,,,,,,,,,,,,,
244,임실,2022-11-25,6.9,-1,710,17.1,1333,,,,,,,5.8,140,1216,3.6,160,1223,.7,624,200,-.1,23,1505,69.3,6.1,989.3,1023.8,21,1015.6,1507,1019.3,10.1,7.4,,,,,,,,,4.6,.5,6,-4,,,,,,,,,,,,,,
245,정읍,2022-10-27,12.4,6.7,633,19.6,1451,,,,,,,7.9,20,1522,5.2,360,1503,1.4,1183,20,6,29,1344,68.6,9.4,1017.4,1026.9,909,1023.5,1415,1025.7,10.9,9.9,,,,,,,,,2.8,1,16.7,.6,,,,,,,,,,,,,,
245,정읍,2022-10-28,11.8,7,628,19.1,1527,,,,,,,4.6,20,1608,3,20,1649,.9,810,20,8.2,45,1514,80.3,10.9,1017.6,1027,811,1024.1,1612,1025.9,10.9,7.3,,,,,,,,,4,.3,11,1.2,,,,,,,,,,,,,,
245,정읍,2022-10-29,12.6,7.3,645,20.1,1414,,,,,,,3.9,20,1744,2.3,20,1738,.8,689,20,8,41,1247,76.8,10.8,1017.4,1027.3,824,1024.2,1524,1025.8,10.8,6.6,,,,,,,,,4.5,.4,14.3,1.6,,,,,,,,,,,,,,
245,정읍,2022-10-30,13.2,7.6,718,20.6,1431,,,,,,,4.9,20,1528,3,20,1535,1,833,360,7.9,41,1540,72.8,10.7,1016.5,1026.5,854,1022.8,1507,1024.8,10.8,9.6,,,,,,,,,4,.4,16.7,2.3,,,,,,,,,,,,,,
245,정읍,2022-10-31,13.3,8.8,405,19.9,1444,,,,,,,6.2,20,1643,4,360,1559,1.1,962,360,8.2,44,1425,73.8,10.9,1015.7,1025.3,650,1022.1,1517,1024,10.8,9.5,,,,,,,,,3.8,1.5,17.3,3.7,,,,,,,,,,,,,,
245,정읍,2022-11-01,13,7.1,617,18.7,1436,,,,,,,6.1,360,1359,3.9,360,1418,1.2,1058,20,9.7,55,1356,81.9,12,1014,1023.8,930,1020.7,1422,1022.3,10.7,6.2,,,,,,,,,7,3.3,17,2.9,,,,,,,,,,,,,,
245,정읍,2022-11-02,10.7,5.8,2314,18.2,1423,,,,,,,5.7,360,1527,4.2,20,1531,1.1,987,20,4.8,22,1405,72.4,8.8,1012.7,1023,834,1019.5,2344,1021.1,10.7,7.5,,,,,,,,,5,2.8,14.5,-.7,,,,,,,,,,,,,,
245,정읍,2022-11-03,10,3,709,17,1431,,,,,,,7.4,340,2355,4.3,20,1244,1.5,1279,360,2.4,25,1517,64.3,7.3,1011.6,1021.8,2309,1018.5,1452,1020,10.7,7.1,,,,,,,,,4,3.8,12.8,-2.8,,,,,,,,,,,,,,
245,정읍,2022-11-04,7,3.5,2329,10.3,1247,,,,,,,8.6,360,1135,5.5,360,1239,2.8,2461,360,-2.4,31,1543,52.5,5.2,1015.4,1025.8,2215,1021.6,31,1023.9,10.6,9.8,,,,,,,,,3.9,.9,11,-3.8,,,,,,,,,,,,,,
245,정읍,2022-11-05,6.5,.9,517,13.4,1409,,,,,,,7.5,20,1208,4.8,20,1215,1.3,1133,20,-.9,36,1354,61.3,5.7,1017.6,1027.4,856,1024.5,1436,1026.1,10.6,9.8,,,,,,,,,1,0,10.1,-7,,,,,,,,,,,,,,
245,정읍,2022-11-06,8.6,2.3,325,15.5,1422,,,,,,,7.2,20,1428,4.8,20,1431,.9,801,360,2.4,41,1233,67.8,7.3,1016.6,1027,911,1023,1705,1025.1,10.6,7.5,,,,,,,,,5.4,3,10.5,-4.4,,,,,,,,,,,,,,
245,정읍,2022-11-07,9.1,3.4,600,18.3,1457,,,,,,,4.3,360,1135,2.7,20,1139,.8,651,70,2.5,24,1422,68.1,7.4,1015.3,1025.2,11,1021.2,1433,1023.7,10.5,9.3,,,,,,,,,2.9,.4,12.1,-3.3,,,,,,,,,,,,,,
245,정읍,2022-11-08,10.5,4.4,410,18.7,1430,,,,,,,4.3,360,1349,2.9,20,1358,.7,605,180,5.4,42,1534,72.9,9.1,1016.8,1026.4,1014,1023.9,1424,1025.2,10.5,6.7,,,,,,,,,6.8,2.8,12.8,-2.5,,,,,,,,,,,,,,
245,정읍,2022-11-09,10.2,3.6,600,18.2,1351,,,,,,,4.3,20,1252,2.4,20,1238,.9,738,90,3.7,31,1354,68.5,8,1017.3,1027.4,800,1023.9,1517,1025.7,10.5,7.3,,,,,,,,,7,1,12.6,-3.1,,,,,,,,,,,,,,
245,정읍,2022-11-10,12.2,4.7,657,20.8,1418,,,,,,,5.3,20,1327,3.3,20,1622,1.1,982,90,3.5,26,1215,59.5,7.9,1016,1025.5,848,1022.3,1419,1024.3,10.5,9.3,,,,,,,,,2.6,1.1,14.2,-1.3,,,,,,,,,,,,,,
245,정읍,2022-11-11,14.6,7.6,428,23.3,1352,,,,,,,2.8,180,1909,2.1,180,1913,.5,470,340,6.8,36,1354,62,9.9,1016.3,1026.5,918,1023,1504,1024.6,10.4,6.1,,,,,,,,,4.1,2.1,15.2,1.8,,,,,,,,,,,,,,
245,정읍,2022-11-12,19.1,10.9,206,23.9,1327,,,,,,28.2,11.3,200,2113,7.8,200,2108,2.7,2347,200,12.6,53,1319,67.5,14.9,1008.5,1023.6,1,1010.6,2349,1016.5,10.4,3.2,,,,,,,,,8.5,2.8,18.1,5,,,,,,,,,,,,,,
245,정읍,2022-11-13,10.3,7.7,2351,19.2,46,,,,,,10.2,10.3,250,40,6.6,250,45,2.1,1822,340,6.7,67,1341,78.6,9.9,1008.6,1020.3,2241,1010.5,11,1017,10.4,0,,,,,,,,,8.5,8,11.7,5,,,,,,,,,,,,,,
245,정읍,2022-11-14,9.2,5.9,255,13.4,1310,,,,,,,5.8,340,1411,3.3,340,1350,1,886,320,4.3,59,2057,72.9,8.4,1010.8,1020.6,846,1017.6,1434,1019.2,10.3,3.8,,,,,,,,,5,1.6,10.7,1.2,,,,,,,,,,,,,,
245,정읍,2022-11-15,8.6,3,632,14.3,1441,,,,,,,5.7,230,1430,3.6,200,2359,1,842,270,3,44,1605,69.6,7.6,1010.1,1019.6,2127,1016.9,1409,1018.5,10.3,8,,,,,,,,,1.9,.8,9.9,-2.4,,,,,,,,,,,,,,
245,정읍,2022-11-16,9.8,5.9,2122,14.6,1216,,,,,,1.6,7.3,230,259,4.5,230,224,1.6,1377,360,3.5,24,1626,68.5,8,1012.6,1023.2,2010,1018.1,305,1020.9,10.3,8.9,,,,,,,,,3.1,1.4,11.4,1.5,,,,,,,,,,,,,,
245,정읍,2022-11-17,9.2,3.8,628,15.8,1329,,,,,,,6.8,20,1246,4.9,20,1246,1.2,1039,90,2.6,36,1131,67.5,7.4,1015.2,1025.4,2221,1022,1330,1023.7,10.3,9,,,,,,,,,3.6,2.1,10.4,-1.9,,,,,,,,,,,,,,
245,정읍,2022-11-18,9.4,2.3,741,18.7,1456,,,,,,,4.8,360,1301,3.3,20,1532,1,886,50,1.6,29,1535,62.3,6.9,1016.7,1027,818,1023.2,1451,1025.2,10.2,9.4,,,,,,,,,1.6,0,9.9,-4,,,,,,,,,,,,,,
245,정읍,2022-11-19,10.9,3.2,446,19.5,1459,,,,,,,3.8,20,1436,2.4,360,1608,.9,807,70,2.2,32,1532,57.4,7.2,1013.4,1024.5,9,1018.6,1519,1021.7,10.2,7,,,,,,,,,4.8,3.6,11,-2.9,,,,,,,,,,,,,,
245,정읍,2022-11-20,12.6,8.6,2311,18.2,1527,,,,,,0,3,70,1943,1.7,90,128,.6,547,20,5.9,45,1616,64.8,9.3,1011.4,1020.8,928,1017.9,1434,1019.7,10.2,4.2,,,,,,,,,6.9,3.3,12.1,2.2,,,,,,,,,,,,,,
245,정읍,2022-11-21,11,5.8,635,16.9,1541,,,,,,,4.7,20,1649,3,20,1656,.6,527,360,5.8,51,1631,71.8,9.3,1013.3,1023,2352,1020,431,1021.6,10.2,2.5,,,,,,,,,7.3,3.4,10.1,.2,,,,,,,,,,,,,,
245,정읍,2022-11-22,10.7,8.3,650,12.9,1402,,,,,,1.9,4.3,70,846,2.4,50,846,.7,641,90,7.7,69,1154,82.9,10.6,1011.6,1022.9,1,1016.6,2335,1019.9,10.1,0,,,,,,,,,10,5.4,10.1,6.1,,,,,,,,,,,,,,
245,정읍,2022-11-23,9.8,4.7,2329,14.6,1346,,,,,,.2,8.1,340,1453,4.9,340,1501,1.3,1098,360,5.9,46,1626,78.1,9.4,1009.8,1020.4,2317,1016.4,437,1018.2,10.1,6.7,,,,,,,,,5.1,2.5,11.2,-1.1,,,,,,,,,,,,,,
245,정읍,2022-11-24,7.9,4.2,603,14.4,1542,,,,,,,4.6,20,1229,3.2,360,1218,.8,711,360,2.7,39,1425,72.1,7.4,1013,1023,2323,1019.8,1401,1021.4,10.1,5.4,,,,,,,,,5.8,3.4,9.2,-1.8,,,,,,,,,,,,,,
245,정읍,2022-11-25,11.3,3.9,450,17.9,1444,,,,,,,9.5,230,1303,6,230,1309,1.5,1320,230,2.8,23,1304,60.4,7.7,1010.3,1022.9,1,1015.8,1714,1018.6,10.1,8.1,,,,,,,,,3.4,1.3,8.9,-3.1,,,,,,,,,,,,,,
247,남원,2022-10-27,12.3,5.5,638,21.5,1453,,,,,,,5.9,50,1614,2.9,110,1130,1.3,1163,20,4.9,29,1342,65.6,8.7,1009.5,1027.2,832,1022.6,1423,1025.6,10.9,9.7,,,,,,,,,2,1.5,16.7,4.8,,,,,,,,,,,,,,
247,남원,2022-10-28,11.7,4.1,605,21.7,1430,,,,,,,4.7,110,1451,3,20,143,1.5,1292,20,5.3,24,1424,69.6,8.9,1009.8,1027.9,824,1023.5,1626,1026,10.9,10,,,,,,,,,.1,,16.1,2.8,,,,,,,,,,,,,,
247,남원,2022-10-29,12.6,5.8,641,20.4,1424,,,,,,,5.4,180,1258,3.1,160,1306,1.3,1101,20,6.4,36,1422,69.9,9.6,1010.2,1028.3,831,1024,1514,1026.3,10.8,7.3,,,,,,,,,5.5,1.5,16.1,4.6,,,,,,,,,,,,,,
247,남원,2022-10-30,13.4,5.8,626,21,1454,,,,,,,6.7,360,1235,3.7,20,1240,1.5,1295,20,6.2,30,1459,66.5,9.5,1009.4,1027.4,753,1023,1454,1025.5,10.8,9.8,,,,,,,,,3.9,1,18,2.8,,,,,,,,,,,,,,
247,남원,2022-10-31,13.2,7.9,2349,19.9,1508,,,,,,,7.7,50,1318,4.3,50,1320,1.9,1636,20,6.5,41,1221,67,9.7,1008.3,1026.5,853,1021.7,1616,1024.3,10.8,9.1,,,,,,,,,3,.9,17.9,6.9,,,,,,,,,,,,,,
247,남원,2022-11-01,12.2,5,612,20.7,1434,,,,,,,6.3,70,1314,3.3,110,1444,1.5,1305,20,7.1,40,1342,74.5,10.1,1006.2,1024.4,827,1019.5,1426,1022.3,10.7,9.6,,,,,,,,,3.4,1.5,16.1,3.9,,,,,,,,,,,,,,
247,남원,2022-11-02,10.2,4,729,19.9,1550,,,,,,0,4.3,20,1710,3,20,311,1.6,1405,20,4.3,23,1438,72.5,8.4,1005,1024,824,1018.5,1606,1021.2,10.7,9.1,,,,,,,,,3.5,1.4,15.3,2.4,,,,,,,,,,,,,,
247,남원,2022-11-03,9.2,.6,657,18.9,1343,,,,,,,7.2,90,1541,3.5,110,1352,1.4,1248,20,1,29,1412,61.8,6.6,1003.7,1021.8,2314,1017.1,1328,1019.9,10.7,9.1,,,,,,,,,4.3,2,12.9,-.8,,,,,,,,,,,,,,
247,남원,2022-11-04,6.2,.4,2356,11.8,1450,,,,,,,7.8,20,1420,3.4,20,1420,1.5,1266,20,-3.9,23,1603,51.8,4.7,1007.3,1026.4,2215,1021.3,4,1023.8,10.6,9.7,,,,,,,,,3.9,1,10.6,-.4,,,,,,,,,,,,,,
247,남원,2022-11-05,5.1,-2.6,600,14.2,1426,,,,,,,7.5,110,1232,4.6,110,1235,1.9,1619,20,-3.4,26,1432,58.1,4.8,1009.8,1028.1,838,1023.8,1425,1026.3,10.6,10,,,,,,,,,.6,0,10.1,-3.5,,,,,,,,,,,,,,
247,남원,2022-11-06,6.7,-1.3,657,16.1,1508,,,,,,,6.4,110,1204,3.7,110,1206,1.4,1210,20,.7,38,1329,69,6.5,1009.1,1028.5,855,1022.8,1630,1025.6,10.6,9.6,,,,,,,,,1.6,.8,11.3,-3.1,,,,,,,,,,,,,,
247,남원,2022-11-07,7.9,.3,703,18.1,1520,,,,,,,4.3,140,1614,2.8,20,2341,1.4,1222,20,.9,23,1424,66.5,6.5,1007.9,1026.3,848,1021,1519,1024.3,10.6,9.6,,,,,,,,,1.3,.1,12.5,-1.3,,,,,,,,,,,,,,
247,남원,2022-11-08,9.1,.8,656,19.1,1432,,,,,,,5.2,20,1408,3.1,20,102,1.5,1265,20,2.4,33,1552,66.8,7.3,1009.5,1027.7,843,1023.5,1502,1025.8,10.5,9.6,,,,,,,,,.8,0,13.3,-.7,,,,,,,,,,,,,,
247,남원,2022-11-09,8.9,1.1,649,18.4,1520,,,,,,,3.8,110,1409,2.8,20,2337,1.4,1174,20,1.7,29,1343,65.8,6.9,1010,1028.6,854,1023.6,1535,1026.3,10.5,8.9,,,,,,,,,6.3,.6,11.9,-.9,,,,,,,,,,,,,,
247,남원,2022-11-10,10.9,1.9,640,21.7,1448,,,,,,,4,360,111,2.4,360,115,1.3,1087,20,1.9,23,1436,58.4,7.1,1008.8,1026.8,836,1022,1410,1025,10.5,9.3,,,,,,,,,2.9,.9,15.1,.8,,,,,,,,,,,,,,
247,남원,2022-11-11,13.5,5.6,525,22.2,1426,,,,,,,3.6,180,1131,2.4,160,1136,1,884,20,6.4,39,1240,65,9.7,1009.6,1027.9,831,1023.5,1609,1025.6,10.4,8,,,,,,,,,3.3,2.6,14.8,3.3,,,,,,,,,,,,,,
247,남원,2022-11-12,16.3,8,604,22.5,1332,,,,,,13.2,8,140,1322,5.1,160,1348,1.8,1580,140,12.2,53,1118,78.5,14.6,1002.3,1025,1,1011.1,2357,1018,10.4,4.7,,,,,,,,,7.6,2.6,17.6,5.9,,,,,,,,,,,,,,
247,남원,2022-11-13,10.9,7.2,2357,19,136,,,,,,24.5,8.5,70,323,4.3,90,501,1.8,1549,70,7.9,66,1534,82.3,11.1,1000.5,1020.6,2222,1010.4,48,1016.6,10.4,.7,,,,,,,,,9.1,8.3,13.3,7.1,,,,,,,,,,,,,,
247,남원,2022-11-14,8.9,4.3,2231,14.7,1418,,,,,,,6.9,90,1404,3.4,90,1434,.9,812,20,5,44,1429,78.9,8.8,1003.2,1021.1,906,1017,1508,1019.4,10.4,3.9,,,,,,,,,6.5,3.9,11.5,3.1,,,,,,,,,,,,,,
247,남원,2022-11-15,6.5,.6,723,14,1447,,,,,,,5.7,50,1213,3.1,110,1457,1.4,1174,20,1.7,41,1442,74.4,6.9,1002.7,1021,2221,1016.9,1417,1019.1,10.3,7.6,,,,,,,,,2.3,.4,9.7,.4,,,,,,,,,,,,,,
247,남원,2022-11-16,7,1.7,243,14.6,1409,,,,,,.4,7.3,110,1325,3.2,110,1334,1.2,1014,20,3.1,40,1421,79.4,7.7,1005.4,1024.3,2314,1020,355,1021.8,10.3,7.5,,,,,,,,,4.1,1,9,.8,,,,,,,,,,,,,,
247,남원,2022-11-17,7.7,2.4,655,16.4,1529,,,,,,,4.5,20,2011,3.1,20,2012,1.2,1050,20,1.7,31,1531,69.9,7,1007.9,1026.5,2303,1021.9,1440,1024.3,10.3,8.4,,,,,,,,,3,2.9,11,.8,,,,,,,,,,,,,,
247,남원,2022-11-18,7.7,-.3,739,18.5,1526,,,,,,,4,360,2154,2.3,360,32,1.2,1065,20,1.1,28,1457,67.5,6.7,1009.6,1028.5,811,1023.2,1459,1026,10.3,9.6,,,,,,,,,.1,0,10.1,-2.9,,,,,,,,,,,,,,
247,남원,2022-11-19,10,1.5,543,18.9,1352,,,,,,,5.7,360,1541,3.5,360,1516,1.7,1473,20,3.1,38,1354,64.9,7.7,1006.3,1025.8,40,1019,1505,1022.5,10.2,7.2,,,,,,,,,4.8,3.4,10.3,0,,,,,,,,,,,,,,
247,남원,2022-11-20,11.2,7.1,2342,17.6,1356,,,,,,0,3.7,160,148,2.4,160,1401,1,850,20,7.2,54,1354,77.8,10.2,1004.3,1021.6,908,1018.1,1515,1020.4,10.2,.8,,,,,,,,,6.4,4.3,11.4,5.3,,,,,,,,,,,,,,
247,남원,2022-11-21,8.8,3.8,622,15.7,1601,,,,,,,3.6,20,2120,2.4,360,136,1,895,20,6.4,63,1335,86.6,9.7,1006,1024.3,839,1020.2,1505,1022.3,10.2,2.8,,,,,,,,,7,3.6,9.7,1.2,,,,,,,,,,,,,,
247,남원,2022-11-22,9.8,7.2,32,12.2,1153,,,,,,2.5,3.1,360,1631,1.8,20,108,.8,720,20,7.8,66,1159,88.3,10.6,1004.2,1023.7,5,1016.7,2341,1020.4,10.2,.1,,,,,,,,,10,5.9,9.8,6.1,,,,,,,,,,,,,,
247,남원,2022-11-23,10.3,4.4,2343,15.6,1305,,,,,,.3,6.3,90,1254,3.5,90,1354,1.1,912,20,7.4,55,1452,84.9,10.4,1001.8,1020.9,2338,1016.3,453,1017.9,10.1,6.1,,,,,,,,,4.8,2.9,11.8,1.9,,,,,,,,,,,,,,
247,남원,2022-11-24,7,3,216,15.7,1549,,,,,,,4.7,110,1312,2.6,20,2112,1.3,1110,20,2.3,32,1540,76.1,7.3,1005.5,1024.3,2400,1019.4,1425,1021.9,10.1,6.2,,,,,,,,,4.3,3.4,9.8,1.6,,,,,,,,,,,,,,
247,남원,2022-11-25,7.3,-.5,633,17.4,1453,,,,,,,4.7,140,1453,2.9,140,1500,1.2,1067,20,1.8,34,1449,72.4,7,1003.7,1024.3,1,1016.4,1517,1020.1,10.1,8.4,,,,,,,,,5,2,9,-3.1,,,,,,,,,,,,,,
248,장수,2022-10-27,9.4,2.3,727,18.8,1348,,,,,,,7.5,360,1419,4.3,360,1051,1.2,1037,360,3.9,33,1322,74.6,8.1,977.3,1028.1,727,1022.2,1457,1026,10.9,9,,,,,,,,,2,0,11.5,.9,,,,,,,,,,,,,,
248,장수,2022-10-28,9,.5,650,20.5,1337,,,,,,,5.8,250,1257,2.4,360,1606,.5,432,250,3.1,28,1338,73.8,7.7,977.5,1028.8,650,1022.6,1511,1026.4,10.9,9,,,,,,,,,0,,11,-1.7,,,,,,,,,,,,,,
248,장수,2022-10-29,9.7,2.3,631,18.8,1248,,,,,,,5.9,340,1216,2.3,50,1250,.5,446,180,5,36,1145,76.4,8.7,978,1029.2,644,1023.5,1505,1026.7,10.8,5.2,,,,,,,,,5.5,1.4,10.7,0,,,,,,,,,,,,,,
248,장수,2022-10-30,9.7,2.3,531,18.7,1242,,,,,,,5.2,360,1138,2.6,50,1159,.5,457,50,5.5,40,1349,79,9.1,977.2,1028.4,752,1022.2,1401,1025.8,10.8,5.5,,,,,,,,,3,2.4,11.1,.3,,,,,,,,,,,,,,
248,장수,2022-10-31,9.5,2.8,607,18.4,1423,,,,,,,5.5,20,1108,2.9,20,1138,.7,638,70,4.9,41,1514,77.5,8.7,976.1,1027.7,625,1021,1423,1024.8,10.8,8.4,,,,,,,,,4.8,2,12.5,.5,,,,,,,,,,,,,,
248,장수,2022-11-01,8.9,1.7,616,18.9,1405,,,,,,,6.7,340,1523,4,360,1204,1,897,360,4.6,35,1344,79.1,8.5,974,1025.2,1,1018.7,1401,1022.6,10.7,7.8,,,,,,,,,2.8,.4,11.4,-.5,,,,,,,,,,,,,,
248,장수,2022-11-02,8.4,1.3,2355,20.2,1406,,,,,,,5.9,360,1612,3.5,290,1529,.8,650,340,2.6,13,1231,74.9,7.4,972.7,1024.8,828,1017.2,1529,1021.5,10.7,6.6,,,,,,,,,3.6,3.6,12.3,-1.4,,,,,,,,,,,,,,
248,장수,2022-11-03,7.4,-1.7,609,17,1424,,,,,,,7,360,1348,3.9,20,1242,1.3,1130,360,.3,29,1123,67,6.3,971.2,1022.5,314,1016.5,1508,1020.1,10.7,7.2,,,,,,,,,4.1,3,9.4,-4.1,,,,,,,,,,,,,,
248,장수,2022-11-04,4.1,-2.2,2344,10.1,1425,,,,,,,8.2,340,1505,4.2,340,1504,2,1723,360,-4.5,25,1725,57.5,4.5,973.7,1026.8,2344,1020.6,1,1023.4,10.6,9,,,,,,,,,3.6,0,7.9,-4.1,,,,,,,,,,,,,,
248,장수,2022-11-05,2.3,-5.4,608,12.8,1436,,,,,,,7.3,70,1040,4.4,20,1020,1,868,20,-4.2,28,1501,67.4,4.5,976.6,1028.9,806,1022.8,1432,1026.7,10.6,9,,,,,,,,,0,0,5.5,-8.1,,,,,,,,,,,,,,
248,장수,2022-11-06,4.1,-3.8,525,14.7,1445,,,,,,,6.2,340,1124,3.3,20,1128,.8,708,50,-.5,41,1330,76.3,6,976.2,1029.1,748,1022.1,1531,1026,10.6,8.9,,,,,,,,,1.8,0,6.7,-6.5,,,,,,,,,,,,,,
248,장수,2022-11-07,5.7,-2.2,453,17.3,1321,,,,,,,6.4,360,1459,3.3,360,1405,.8,731,290,-2.4,14,1159,66.9,5.3,975.1,1027,137,1019.7,1447,1024.5,10.6,8.8,,,,,,,,,2,.9,8,-4.6,,,,,,,,,,,,,,
248,장수,2022-11-08,6,-1.8,616,17.9,1502,,,,,,,6.6,290,1505,3.7,270,1511,.6,528,360,.8,34,1316,73.9,6.6,976.8,1028.4,746,1022.3,1502,1026.2,10.5,9,,,,,,,,,.9,0,8.6,-3.7,,,,,,,,,,,,,,
248,장수,2022-11-09,6.5,-2.4,706,18.2,1356,,,,,,,6.5,290,1507,4.1,290,1515,.6,531,340,-.4,17,1313,68.5,6,977.3,1029.7,743,1022.4,1426,1026.6,10.5,8.3,,,,,,,,,3.9,0,7.7,-5.3,,,,,,,,,,,,,,
248,장수,2022-11-10,8.1,-.7,722,19.9,1415,,,,,,,5.3,360,1319,3.4,360,1418,.8,689,360,.7,27,1324,66.3,6.5,976.6,1028,753,1021.3,1413,1025.6,10.5,9,,,,,,,,,1.9,.9,9.8,-2.4,,,,,,,,,,,,,,
248,장수,2022-11-11,10.8,1.7,615,20.9,1457,,,,,,,4.8,230,1322,2.7,230,1331,.6,513,230,4.9,41,1259,71.3,8.8,977.5,1028.8,758,1022.7,1445,1026,10.4,6.4,,,,,,,,,3.4,1.3,11.5,-.1,,,,,,,,,,,,,,
248,장수,2022-11-12,14.7,4,653,22.6,1414,,,,,,22.5,9.2,180,2116,4.3,200,1436,1.6,1354,180,10.9,51,1222,80.4,13.5,970.3,1026,25,1010,2348,1017.7,10.4,5,,,,,,,,,6,3.6,13.8,1.9,,,,,,,,,,,,,,
248,장수,2022-11-13,10,6.4,2305,18.3,213,,,,,,46.1,10.9,230,232,5.2,250,321,1.8,1580,320,7.3,66,1611,83.9,10.5,967.6,1020.5,2302,1009.5,213,1015.8,10.4,1.3,,,,,,,,,9.6,8.6,12.4,6.3,,,,,,,,,,,,,,
248,장수,2022-11-14,8,3.9,2248,12.8,1313,,,,,,,7.2,360,1220,4.1,340,1343,1.5,1260,360,3.8,50,1514,76.8,8.1,970.1,1020.2,207,1016.3,1540,1018.7,10.3,2.2,,,,,,,,,5.8,3.8,9.2,1.8,,,,,,,,,,,,,,
248,장수,2022-11-15,5,-1.1,642,12,1424,,,,,,,9.7,270,1325,4.9,270,1334,1.2,1022,320,1.1,45,1412,78.8,6.6,969.7,1020.7,2227,1015.9,1405,1018.9,10.3,7,,,,,,,,,3.8,.8,7,-3.1,,,,,,,,,,,,,,
248,장수,2022-11-16,6.9,2.2,2356,12.7,1447,,,,,,1.1,8.3,270,1250,5.4,270,1318,1.4,1192,340,3.1,45,1413,79.8,7.7,972.3,1024.7,2333,1018.5,326,1021.3,10.3,7.3,,,,,,,,,5.6,1.6,8.3,.6,,,,,,,,,,,,,,
248,장수,2022-11-17,5.1,-.3,706,15.2,1433,,,,,,,5.8,360,1138,3.7,360,1131,.7,606,360,.5,27,1435,77.8,6.3,975.4,1028,2316,1021.1,1418,1024.9,10.3,8.4,,,,,,,,,3.1,.8,7.1,-1.7,,,,,,,,,,,,,,
248,장수,2022-11-18,5.4,-2.5,647,18.6,1506,,,,,,,4.6,360,1422,3.4,360,1136,.7,631,360,-.8,25,1552,71.1,5.8,977.3,1029.9,758,1022,1506,1026.8,10.2,8.6,,,,,,,,,0,0,5.8,-5.2,,,,,,,,,,,,,,
248,장수,2022-11-19,7,-1.2,413,17.8,1412,,,,,,,5.2,50,1602,2.9,50,1444,.6,516,70,1.3,26,1509,72.6,6.8,974.4,1027.7,213,1018.4,1515,1023.5,10.2,6.8,,,,,,,,,4.8,3.1,7,-2.9,,,,,,,,,,,,,,
248,장수,2022-11-20,9.4,3.9,2400,17.4,1359,,,,,,0,4,360,1403,2.2,360,1340,.5,406,20,4.5,34,1434,75.5,8.5,971.9,1022.8,1,1017,1358,1020.4,10.2,2.8,,,,,,,,,4.1,3.8,9.2,1.5,,,,,,,,,,,,,,
248,장수,2022-11-21,7.5,1.3,609,16.7,1348,,,,,,,4.6,360,1215,2.8,360,1219,.6,500,360,3.4,36,1407,79.6,7.8,973.6,1025,836,1018.8,1507,1022.5,10.2,4.7,,,,,,,,,6.3,3.3,7.7,-.6,,,,,,,,,,,,,,
248,장수,2022-11-22,9,4.7,30,13.1,1339,,,,,,1.9,2.8,270,928,1.8,250,930,.4,363,20,6.9,59,1245,88.1,10,972,1024.5,17,1017,2356,1020.6,10.1,0,,,,,,,,,10,7,9.1,3.6,,,,,,,,,,,,,,
248,장수,2022-11-23,8.5,1.4,2359,13.9,1359,,,,,,1.1,6.9,360,1425,4.1,320,1434,1.3,1134,360,6.4,54,1611,88.4,9.7,969.3,1021.5,2354,1015.3,1318,1017.8,10.1,3.6,,,,,,,,,6,3.5,9.7,-1,,,,,,,,,,,,,,
248,장수,2022-11-24,4.7,0,2349,14.9,1454,,,,,,,4.8,360,1301,3.2,360,1302,.7,583,360,.3,23,1404,79.1,6.3,972.9,1025.3,2347,1018.6,1431,1022.3,10.1,4.8,,,,,,,,,4.5,2.3,6.8,-1.8,,,,,,,,,,,,,,
248,장수,2022-11-25,5.8,-2.3,651,15.7,1312,,,,,,,8,250,1246,4.9,250,1324,.9,809,200,-.7,20,1152,70.1,5.9,971,1025.3,1,1015.8,1626,1020.1,10.1,7.7,,,,,,,,,5.5,1.1,4.6,-5,,,,,,,,,,,,,,
251,고창군,2022-10-27,12.8,6.6,714,20.1,1431,,,,,,,8.5,360,1512,3.9,290,1301,1.3,1129,140,6.4,32,1425,69.3,9.7,1018.3,1026.7,856,1023.3,1418,1025.5,10.9,9.7,1200,2.41,15.77,,,,,,2.8,1.3,13.6,3.6,14.2,15.2,15.2,15.5,,,,,,2.7,3.9,,,
251,고창군,2022-10-28,12.2,7.9,513,19.6,1428,,,,,,,5.7,290,1049,3.2,290,1056,.9,783,340,8.8,48,1609,82.5,11.4,1018.5,1026.7,845,1023.7,1615,1025.6,10.9,8.7,1200,2.43,15.11,,,,,,2.8,,14.4,4,14.8,15.4,15.4,15.6,,,,,,2.3,3.4,,,
251,고창군,2022-10-29,12.3,6,653,20.9,1331,,,,,,,4.8,360,1445,2.8,320,1502,.7,601,290,8.7,43,1347,81.6,11.3,1018.4,1027.1,820,1023.9,1531,1025.5,10.8,7.5,1100,2.01,12.54,,,,,,5.5,.4,13.7,3.3,14.2,15.3,15.4,15.6,,,,,,1.9,2.8,,,
251,고창군,2022-10-30,13.3,7.7,509,20.8,1445,,,,,,,5.1,360,1208,2.9,290,1323,.8,734,290,9.2,47,1534,78.9,11.7,1017.5,1026.2,841,1022.7,1445,1024.6,10.8,9.4,1200,2.23,14.58,,,,,,2.8,1.1,14.5,4,14.6,15.3,15.4,15.6,,,,,,2.4,3.4,,,
251,고창군,2022-10-31,13.4,8.5,2348,20.5,1504,,,,,,,5.7,360,1514,3.6,340,1519,.9,813,90,8.5,48,1344,75.4,11.1,1016.7,1025.1,648,1021.8,1528,1023.7,10.8,8.7,1100,2.34,13.76,,,,,,3.9,2.3,14.7,5.5,15.1,15.7,15.8,15.9,,,,,,2.2,3.1,,,
251,고창군,2022-11-01,12.1,6.6,608,18.9,1510,,,,,,,6.9,20,1225,3.5,320,1605,1.1,915,360,9.2,57,1345,84.6,11.7,1015,1023.5,147,1020.3,1526,1022.1,10.7,7.6,1200,2.31,12.18,,,,,,5.9,2.1,13.7,3.6,14.2,15.3,15.4,15.7,,,,,,1.9,2.7,,,
251,고창군,2022-11-02,,4.4,2351,18.7,1456,,,,,,,6.4,270,1605,3.8,290,1624,1.2,1026,290,,16,1450,,,,1022.9,821,1019.1,1556,,10.7,7.6,1200,2.43,14.44,,,,,,4.3,,14.6,2.7,13.9,15.1,15.1,15.4,,,,,,2.2,3.2,,,
251,고창군,2022-11-03,10.3,2.7,227,17.5,1431,,,,,,,7.6,290,1327,4.9,290,1340,1.3,1152,320,3.3,28,1444,66.6,7.8,1012.6,1021.5,2254,1018.1,1439,1019.7,10.7,8.7,1000,2.4,14.29,,,,,,3.5,,11.2,-.7,12.1,14.1,14.3,14.8,,,,,,2.9,4.1,,,
251,고창군,2022-11-04,7.3,2.3,2344,10.8,1403,,,,,,,9.3,270,1446,5.6,290,1446,2.5,2177,320,-1,34,1515,57,5.8,1016.5,1025.7,2203,1021.4,5,1023.8,10.6,9.5,1200,2.47,15.42,,,,,,5.3,1.4,9.6,-.9,11.7,13.8,13.9,14.5,,,,,,2.5,3.6,,,
251,고창군,2022-11-05,6.5,.8,451,14,1355,,,,,,,7.5,290,1419,3.9,290,1418,1.2,1046,320,-.7,37,1356,62.6,5.9,1018.6,1027.3,931,1024.4,1418,1025.9,10.6,9.6,1200,2.43,15.71,,,,,,0,0,8.4,-3,10.1,12.7,12.8,13.5,,,,,,2.3,3.3,,,
251,고창군,2022-11-06,7.8,1.3,138,16.3,1348,,,,,,,6.3,360,1321,3.3,290,1506,.8,679,290,2.9,45,1248,74.4,7.6,1017.8,1027,849,1022.7,1710,1025,10.6,7.8,1100,2.15,12.33,,,,,,5.6,.9,8.9,-1.7,10.3,12.4,12.4,13.1,,,,,,1.8,2.5,,,
251,고창군,2022-11-07,8.8,2.4,605,18.7,1458,,,,,,,5.5,250,1530,3.6,250,1530,.7,629,290,3.3,34,1502,72.4,7.8,1016.4,1025.1,1,1021.2,1435,1023.6,10.6,9.1,1200,2.16,13.13,,,,,,.8,.8,10.1,-1.2,10.8,12.5,12.5,13,,,,,,2.2,3.2,,,
251,고창군,2022-11-08,10.1,3.5,236,18.3,1400,,,,,,,4.1,200,1620,2.5,230,1625,.6,521,70,6.3,46,1600,79.6,9.7,1017.9,1026.4,953,1023.7,1430,1025.1,10.5,8.9,1200,2.28,12.22,,,,,,4.9,1.4,10.6,0,11.3,12.6,12.7,13,,,,,,1.7,2.5,,,
251,고창군,2022-11-09,9.9,3.2,652,18.5,1343,,,,,,,4.8,290,1237,2.7,290,1228,.8,660,20,4.3,35,1346,72.4,8.4,1018.2,1027.2,756,1023.6,1502,1025.4,10.5,8.9,1200,2.24,13.08,,,,,,6,1.5,11.2,-.4,12.1,13,13.1,13.4,,,,,,2.1,2.9,,,
251,고창군,2022-11-10,13.2,5.3,526,21.2,1443,,,,,,,6.3,270,1237,3.5,290,1424,1.1,930,360,4.9,32,1610,59.9,8.7,1016.8,1025.1,906,1022.1,1413,1023.9,10.5,9.3,1200,2.17,13.35,,,,,,3.4,.9,12.6,2,12.4,13.1,13.2,13.4,,,,,,2.5,3.6,,,
251,고창군,2022-11-11,15.4,8,524,23.5,1412,,,,,,,5.4,90,1046,3.1,160,1232,.9,818,360,8.1,40,1329,64.4,10.9,1017.2,1026,851,1022.8,1518,1024.2,10.5,5.8,1100,2.04,9.97,,,,,,3,2.6,14.6,4.8,13.8,13.7,13.8,13.8,,,,,,2.1,3,,,
251,고창군,2022-11-12,19.2,11.7,10,24.5,1419,,,,,,48.7,10.9,110,1937,5.7,110,2000,2.7,2333,110,14,58,1416,72.8,16.2,1009.6,1023.2,1,1010.6,2234,1016.5,10.4,2.7,1200,1.22,7.61,,,,,,8.4,4.9,17,8.6,15.6,14.7,14.7,14.6,,,,,,1.8,2.6,,,
251,고창군,2022-11-13,10.5,7.8,2359,19,32,,,,,,12.7,11.2,200,35,5.6,230,107,2.3,1961,270,7.4,69,1711,81.3,10.4,1009.8,1020.1,2244,1010.5,13,1016.9,10.4,0,1300,.44,2.22,,,,,,9.1,8.4,13.4,7,14.6,15.3,15.3,15.3,,,,,,.7,.9,,,
251,고창군,2022-11-14,9.4,5.5,230,14.6,1258,,,,,,,8,290,1353,4.8,270,1344,1.2,1041,270,5.1,60,1300,76.1,8.9,1012,1020.8,930,1017.7,1601,1019.2,10.4,5.3,1100,2.01,10.47,,,,,,5.8,2.8,11.5,4,12.6,13.7,13.8,14.2,,,,,,1.5,2.1,,,
251,고창군,2022-11-15,7.9,2.7,604,14.5,1431,,,,,,,6.7,180,1401,3.7,250,1511,.9,770,250,3.8,49,1417,77.5,8.1,1011.3,1019.7,2159,1016.9,1421,1018.5,10.3,7.6,1100,1.97,11.73,,,,,,1.9,.1,9.8,.4,11,12.9,13,13.5,,,,,,1.6,2.2,,,
251,고창군,2022-11-16,9.8,4.9,2233,15.5,1402,,,,,,.5,6.8,250,1352,3.7,270,1302,1,882,270,4.5,35,1333,73.3,8.5,1013.7,1023.1,2015,1018.4,359,1020.9,10.3,8.9,1200,2.2,13.15,,,,,,3.9,2,11.1,2.7,11.6,12.7,12.8,13.2,,,,,,2.1,3,,,
251,고창군,2022-11-17,9.6,3.9,731,16.6,1505,,,,,,,8,360,1131,4,290,1347,1.2,1041,20,3,32,1226,67.1,7.6,1016.2,1025.1,2228,1021.6,1411,1023.3,10.3,9,1200,2.2,13.16,,,,,,2.9,1.1,10.4,1.4,11,12.3,12.5,12.9,,,,,,2.2,3.2,,,
251,고창군,2022-11-18,9.6,3,658,18.5,1548,,,,,,,6.2,340,1654,3.2,340,1650,1.1,920,20,3,34,1649,66.3,7.6,1017.7,1026.7,1000,1022.9,1458,1024.9,10.3,9.1,1200,2.18,13.52,,,,,,.1,0,9,-1.2,10.2,11.8,12,12.4,,,,,,,,,,
251,고창군,2022-11-19,11.3,4.5,552,19.5,1544,,,,,,,5.4,270,1337,3.1,290,1339,1,866,290,3.5,36,1549,60,7.9,1014.3,1024.3,1,1018.4,1513,1021.4,10.2,8.1,1200,2.08,11.71,,,,,,6,4.6,10.6,.4,10.6,11.7,11.9,12.2,,,,,,2.1,3.1,,,
251,고창군,2022-11-20,12.3,6.8,2340,17.6,1528,,,,,,.1,3.9,290,1212,2.2,290,1217,.5,460,360,7.1,50,1334,71.9,10.1,1012.3,1020.8,2359,1017.7,1510,1019.4,10.2,1.8,1100,.88,5.65,,,,,,4.9,4.9,12.1,3.7,12.1,12.5,12.6,12.7,,,,,,1,1.5,,,
251,고창군,2022-11-21,10.7,5.3,529,17.6,1549,,,,,,,3.3,360,1600,1.9,340,1559,.5,392,290,6.4,51,1536,76.6,9.7,1014.2,1022.8,858,1019.8,433,1021.4,10.2,2.5,1000,1.06,7.36,,,,,,6.1,3.1,10.6,2,11,12.2,12.2,12.6,,,,,,1.1,1.6,,,
251,고창군,2022-11-22,10.8,9,358,13.7,1347,,,,,,2.2,4.3,360,804,2.9,360,805,1,846,360,8.5,71,5,86.1,11.1,1012.5,1022.5,1,1016.3,2318,1019.6,10.2,0,1300,.77,3.08,,,,,,10,6.4,11.6,7.1,11.6,12.2,12.3,12.6,,,,,,.6,.8,,,
251,고창군,2022-11-23,9.6,3.7,2254,15.1,1426,,,,,,1,7.3,360,1407,4.3,290,1604,1.2,1056,290,6,42,1621,80.5,9.5,1010.9,1020.4,2358,1016.3,102,1018.1,10.1,6.6,1100,1.41,9.2,,,,,,4.8,2.3,11.7,.7,11.7,12.4,12.5,12.7,,,,,,1.4,2,,,
251,고창군,2022-11-24,7.5,3.2,21,14.9,1508,,,,,,,5.3,270,1137,3.3,290,1349,.8,672,290,3.9,49,1414,79.9,8.1,1014.1,1022.9,2328,1019.6,1341,1021.3,10.1,5.9,1300,1.92,10.08,,,,,,5.6,1.3,9.6,.5,10.1,11.6,11.7,12.2,,,,,,1.5,2.1,,,
251,고창군,2022-11-25,10.2,2.5,653,18.1,1322,,,,,,,6.7,160,1300,4.2,160,1305,.9,784,180,4.4,31,1248,71.9,8.5,1011.5,1022.8,1,1015.7,1709,1018.7,10.1,8.4,1200,1.93,10.94,,,,,,3.4,.5,9.1,-1,9.8,11.2,11.3,11.7,,,,,,,,,,
254,순창군,2022-10-27,12.5,5.3,721,21.1,1405,,,,,,,8.2,320,1645,5.9,320,1646,1.6,1370,110,6,33,1309,69.4,9.4,1010.3,1027.4,841,1023.1,1442,1025.9,10.9,9.7,1100,2.45,15.91,,,,,,2,.1,14.9,3.4,13.9,13.6,14.1,13.9,,,,,,3,4.3,,,
254,순창군,2022-10-28,11.6,5.3,420,22.1,1504,,0,,0,,0,5.2,270,1550,2.9,340,1654,.9,744,110,6.5,26,1427,77.4,9.7,1010.6,1028.1,859,1023.7,1622,1026.3,10.9,7.5,1200,2.47,14.57,,,,,,3.3,,15,2.5,14.3,14.1,14.5,14.3,,,,,,2.2,3.2,,,
254,순창군,2022-10-29,11.8,4.5,726,20.9,1346,,,,,,,3.7,180,1331,2.6,160,1507,.9,751,110,7.3,39,1402,78.1,10.3,1010.9,1028.7,851,1024.2,1529,1026.6,10.8,6.1,1100,2.18,12.96,,,,,,6,1.4,14.4,2.4,14.2,13.9,14.6,14.4,,,,,,2,2.9,,,
254,순창군,2022-10-30,12,5.3,649,21.3,1510,,,,,,,4.4,110,1254,2.8,110,1300,.9,746,110,7.3,37,1532,77.5,10.3,1010.1,1027.7,755,1023.1,1521,1025.7,10.8,7.7,1200,2.48,13.53,,,,,,2.8,1.4,14.5,2.9,14.2,14,14.6,14.5,,,,,,2.2,3.2,,,
254,순창군,2022-10-31,12.7,6.9,705,20.9,1536,,,,,,,6,140,1236,3.8,320,1655,1.1,943,110,7.6,39,1440,75.1,10.4,1009,1026.7,814,1021.8,1628,1024.6,10.8,8.5,1200,2.42,15.01,,,,,,3.1,.4,15.5,4.8,14.8,14.6,14.9,14.7,,,,,,2.4,3.5,,,
254,순창군,2022-11-01,12,5.3,630,19.7,1432,,,,,,,9.8,320,1744,6.4,320,1752,1.6,1415,320,8.2,42,1348,80.5,10.9,1007,1024.6,838,1020,1430,1022.6,10.7,7,1200,2.26,13.17,,,,,,6.4,.3,14.5,3.3,14.4,14.2,14.8,14.6,,,,,,2.3,3.2,,,
254,순창군,2022-11-02,10.3,4,2351,20.8,1425,,,,,,0,6.3,320,1625,4.6,320,1633,1.1,974,90,5.3,33,1401,76.3,8.9,1005.7,1023.9,801,1018.7,1603,1021.4,10.7,6.7,1200,2.47,13.22,,,,,,3.8,2.5,13.9,2.4,14.1,13.9,14.6,14.4,,,,,,2.2,3.1,,,
254,순창군,2022-11-03,9.6,.5,645,18.9,1237,,,,,,,10.6,290,1642,6.2,320,1353,1.9,1640,320,2.6,30,1242,66.8,7.4,1004.4,1021.8,2228,1017.7,1308,1020.1,10.7,8.6,1200,2.31,13.69,,,,,,4,2.3,11,-1.7,12.2,12,13.4,13.6,,,,,,3.1,4.5,,,
254,순창군,2022-11-04,7.2,1.9,2351,11.1,1348,,,,,,,10.7,270,1308,6.4,320,1528,3.4,2917,320,-2.3,29,1357,52.5,5.2,1008,1026.3,2207,1021.3,1,1024,10.7,9.5,1200,2.47,15.49,,,,,,3.5,0,10.2,-.3,11.5,11.4,12.8,13.1,,,,,,2.7,3.8,,,
254,순창군,2022-11-05,5.5,-2.1,652,13.7,1505,,,,,,,9,270,1437,4.8,320,1651,1.7,1462,110,-1.5,29,1503,65.3,5.5,1010.5,1028.3,827,1024.3,1430,1026.6,10.6,9.7,1200,2.49,16.15,,,,,,.5,0,7.9,-4.7,9.7,9.6,11.2,11.8,,,,,,2.5,3.6,,,
254,순창군,2022-11-06,6.6,-1.5,650,16.2,1314,,,,,,,8,290,1509,5.1,320,1516,1.3,1114,90,1.7,40,1316,74.8,6.9,1009.9,1028.5,835,1023.1,1650,1025.8,10.6,9.1,1200,2.36,14.59,,,,,,2,0,8.6,-3.8,9.8,9.7,10.8,11.3,,,,,,2.2,3.1,,,
254,순창군,2022-11-07,8.1,.1,705,18.9,1447,,,,,,,4.1,90,1253,2.4,90,1145,1,883,110,1.7,22,1354,70.1,7,1008.5,1026.3,839,1021.2,1448,1024.4,10.6,9.3,1200,2.19,13.81,,,,,,1.3,0,10.1,-2,10.5,10.3,11.2,11.3,,,,,,2.4,3.5,,,
254,순창군,2022-11-08,8.7,1.1,557,19.8,1425,,,,,,,6.2,270,1639,3.5,250,1641,1,839,90,3.4,34,1512,74.3,7.9,1010.1,1027.8,859,1023.6,1554,1026,10.5,9,1200,2.25,13.89,,,,,,4.4,.4,10.6,-1.2,11,10.8,11.5,11.6,,,,,,2.2,3.1,,,
254,순창군,2022-11-09,8.5,1.4,537,19.1,1608,,,,,,,3.2,90,1313,2.1,90,1341,.8,664,90,3,31,1235,73.9,7.6,1010.6,1028.8,846,1023.6,1618,1026.5,10.5,6.2,1200,2.24,11.96,,,,,,6.3,2.1,10.5,-1.6,11.1,10.9,11.7,11.7,,,,,,1.9,2.7,,,
254,순창군,2022-11-10,11.1,2.4,520,22.1,1529,,,,,,,4.4,270,1725,2.8,160,1411,.9,735,90,3.5,28,1246,65.8,7.9,1009.4,1026.8,832,1022.2,1404,1025.1,10.5,9.1,1200,2.18,13.25,,,,,,4.6,1.5,12.3,.5,11.6,11.4,11.8,11.8,,,,,,2.3,3.3,,,
254,순창군,2022-11-11,13.6,4.8,530,23.5,1436,,,,,,,5.2,140,1738,3.3,160,1717,1,859,90,7.3,39,1425,69.6,10.3,1010.1,1027.9,838,1023.5,1446,1025.7,10.4,6.8,1100,2.09,12.89,,,,,,4.3,3.3,15.2,3.1,13.3,13,12.9,12.5,,,,,,2.3,3.4,,,
254,순창군,2022-11-12,15.8,7.1,559,22.7,1334,,,,,,19.1,6.9,110,1403,4.1,160,1348,1.5,1277,110,12.8,60,1032,84,15.2,1002.9,1025.1,1,1011.1,2357,1018.2,10.4,3.3,1000,1.41,8.26,,,,,,6.9,2.4,14.9,5.4,14.2,13.9,13.8,13.3,,,,,,1.5,2.2,,,
254,순창군,2022-11-13,11,7.1,2351,19.9,49,,,,,,17.1,18.3,270,48,7,270,229,2.9,2500,290,8,66,1451,82.6,11.1,1001.3,1020.7,2213,1010.8,36,1016.9,10.4,.4,1400,.51,2.97,,,,,,8.6,5.9,13.1,5.9,14.5,13.9,14.2,13.7,,,,,,.7,1,,,
254,순창군,2022-11-14,8.9,4.9,2249,14.9,1430,,,,,,,8.7,270,1552,4.7,270,1617,1.4,1209,270,5.2,46,1424,79.9,8.9,1003.8,1021.3,847,1017.3,1435,1019.6,10.4,3.7,1100,1.87,8.68,,,,,,5.4,3,10.8,3.4,12.3,11.7,12.5,12.5,,,,,,1.4,2,,,
254,순창군,2022-11-15,6.5,.5,702,14,1437,,,,,,,9.1,270,1440,4.9,320,1548,1.4,1235,250,2.5,43,1517,78.9,7.3,1003.4,1021.2,2212,1017,1429,1019.3,10.3,6.8,1100,1.9,10.9,,,,,,1.5,1,7.8,-1.4,10.1,9.7,11,11.5,,,,,,1.5,2.2,,,
254,순창군,2022-11-16,7.3,2.2,302,15.2,1325,,,,,,.5,7.4,270,1308,4.2,320,1344,1.2,999,110,2.6,32,1646,76.5,7.4,1006,1024.3,2259,1020.3,253,1021.9,10.3,6.7,1200,1.98,11.62,,,,,,3.4,.4,8.2,0,9.9,9.5,10.4,10.7,,,,,,1.9,2.7,,,
254,순창군,2022-11-17,7.7,2.3,655,17.5,1508,,,,,,,4.4,270,2053,2.6,270,2055,.9,813,110,1.4,28,1441,70.4,6.8,1008.6,1026.5,2237,1022,1506,1024.5,10.3,8.1,1200,2.22,13.11,,,,,,3,.8,9.1,.3,10.1,9.6,10.3,10.4,,,,,,2.1,2.9,,,
254,순창군,2022-11-18,7.6,-.6,650,19.4,1522,,,,,,,3.9,140,1338,2.8,140,1345,1,848,140,1,23,1411,70.1,6.6,1010.3,1028.4,747,1023.4,1459,1026.2,10.3,9,1200,2.28,14.16,,,,,,0,0,8,-3.2,9.3,9,9.8,10,,,,,,,,,,
254,순창군,2022-11-19,9.2,-.1,628,19.8,1423,,,,,,,4.5,270,1942,3.1,270,1946,.9,777,110,2.4,26,1425,67.6,7.3,1007,1025.9,4,1019,1500,1022.8,10.2,6.6,1300,2.17,11.97,,,,,,4.9,1.8,9.6,-1.9,9.7,9.3,9.8,9.9,,,,,,2,2.9,,,
254,순창군,2022-11-20,11.2,6.7,2352,17.7,1403,,,,,,0,3.1,140,1434,2.1,140,1434,.8,664,140,7.9,54,1427,81.6,10.7,1004.9,1021.7,853,1018.3,1519,1020.5,10.2,.5,1300,1.18,5.77,,,,,,5.8,4.1,11.3,4.3,11.5,10.9,11,10.7,,,,,,.9,1.3,,,
254,순창군,2022-11-21,9,3.2,645,18.1,1605,,,,,,,4.7,270,1828,2.5,250,338,.8,648,110,6.1,54,1607,84.1,9.5,1006.7,1024.4,830,1020.2,1519,1022.4,10.2,2.3,1000,1.1,6.93,,,,,,8.4,3.5,9.7,2.5,10.8,10.3,10.8,10.8,,,,,,1,1.4,,,
254,순창군,2022-11-22,10.3,7.3,528,13.6,1332,,,,,,2.4,4.1,140,826,2.6,140,829,.5,454,110,8.3,63,1141,88.4,11,1004.8,1023.6,1,1017.1,2351,1020.5,10.2,0,900,.53,3,,,,,,10,2.4,10.1,6.6,10.9,10.4,10.8,10.8,,,,,,.5,.7,,,
254,순창군,2022-11-23,10.1,3.7,2350,15.2,1414,,,,,,.3,10,270,1347,6.5,320,1739,1.8,1551,320,6.7,54,1441,81.6,10,1002.6,1021.1,2347,1016.6,446,1018.2,10.1,6.6,1300,1.9,10.73,,,,,,5.3,2.8,11.3,1.9,11.9,11.3,11.4,11.1,,,,,,1.7,2.5,,,
254,순창군,2022-11-24,7.4,2.4,539,17,1506,,,,,,,3.5,270,1820,2.6,180,1636,1,828,140,2.7,34,1419,76.6,7.4,1006.2,1024.3,2353,1019.6,1422,1022.1,10.1,5.6,1200,1.74,10.16,,,,,,4.5,0,8.8,.2,10,9.6,10.4,10.6,,,,,,1.5,2.1,,,
254,순창군,2022-11-25,6.9,-.9,739,17.2,1326,,,,,,,7,270,1346,4.2,270,1349,.9,801,250,2,34,1354,75.8,7.1,1004.3,1024.4,12,1016.8,1543,1020.2,10.1,7.3,1200,2,10.59,,,,,,3.3,.1,7.4,-2.7,8.9,8.5,9.5,9.8,,,,,,,,,,
